STATE,SALES_MONTH,TOTAL_DOLLARS
North Carolina,2025-11-01,4840598.39
Florida,2024-11-01,169378962.93
Florida,2024-07-01,163016185.49
Nevada,2025-10-01,66416747.66
Michigan,2024-04-01,280306217.89
Alberta,2025-12-01,55292827.91
Oregon,2023-07-01,83854475.14
Washington,2025-02-01,88935031.88
Maryland,2023-03-01,42609317.15
Ontario,2025-07-01,196260691.06
Arizona,2025-06-01,95825487.52
Arizona,2025-10-01,95881900.00
Colorado,2023-03-01,141569271.73
British Columbia,2024-01-01,66214724.62
Manitoba,2023-01-01,11843561.85
Maine,2026-03-01,37578620.32
Montana,2024-12-01,28443171.01
Washington,2025-03-01,100667583.08
Puerto Rico,2023-02-01,13539986.90
Illinois,2023-12-01,146117843.97
Maine,2024-06-01,43891760.70
Pennsylvania,2025-11-01,92570898.26
West Virginia,2026-03-01,7395411.47
Virginia,2025-10-01,15721414.37
Connecticut,2025-02-01,22269732.23
Mississippi,2023-11-01,7855306.09
New York,2024-01-01,39040935.43
Manitoba,2022-12-01,13563568.20
Oregon,2024-12-01,80562270.08
Manitoba,2025-04-01,10096908.62
Arizona,2022-11-01,115537412.91
Alaska,2023-07-01,18185076.61
Vermont,2023-05-01,8710368.78
West Virginia,2024-03-01,7948485.18
Hawaii,2025-08-01,3068956.38
Minnesota,2023-09-01,6283244.41
Connecticut,2025-03-01,24412622.85
Connecticut,2023-09-01,25374034.46
Utah,2023-08-01,11143162.14
Minnesota,2023-06-01,5763838.90
New Brunswick,2025-07-01,2328601.45
Minnesota,2023-03-01,5164419.96
Rhode Island,2025-02-01,6986656.06
Utah,2023-11-01,13476719.24
Hawaii,2023-10-01,3048159.53
Nova Scotia,2023-10-01,1956947.52
Nova Scotia,2024-07-01,1883948.30
Newfoundland and Labrador,2023-05-01,5352191.72
North Dakota,2024-07-01,1500465.14
Georgia,2025-06-01,788298.39
Delaware,2025-07-01,1826703.03
Texas,2025-10-01,432318.89
Iowa,2025-10-01,1254882.05
Mississippi,2022-10-01,749563.23
New Hampshire,2024-10-01,1064712.91
South Carolina,2022-12-01,0.00
North Carolina,2024-11-01,4146157.88
Washington,2024-10-01,87807478.77
Florida,2023-09-01,147930803.33
Nevada,2024-07-01,69982825.42
Pennsylvania,2022-10-01,78167025.76
Massachusetts,2026-03-01,145422122.61
Ontario,2024-06-01,188099772.22
Oklahoma,2022-12-01,150055987.95
Colorado,2024-06-01,115516116.82
Pennsylvania,2025-07-01,96090862.80
Illinois,2025-07-01,131252315.04
Ontario,2025-08-01,198595430.32
Maryland,2025-07-01,100855004.08
Manitoba,2023-02-01,11519143.16
Oklahoma,2025-04-01,121090757.97
Colorado,2024-05-01,114765319.70
Ontario,2025-01-01,183184825.12
New Mexico,2024-06-01,48802202.26
Montana,2024-02-01,26200540.88
Saskatchewan,2026-02-01,5775930.50
Missouri,2023-12-01,124681158.28
Colorado,2023-07-01,138884704.73
Illinois,2024-09-01,131752387.57
Ohio,2024-09-01,78040793.17
Mississippi,2025-09-01,17362540.73
Alaska,2025-10-01,19523242.63
Alaska,2025-05-01,17892757.28
Newfoundland and Labrador,2025-10-01,7897276.15
Maine,2024-12-01,42471505.75
Vermont,2025-10-01,12680178.51
Ohio,2023-10-01,44179136.61
Saskatchewan,2025-08-01,8338731.25
West Virginia,2025-01-01,10513999.78
New York,2023-05-01,16055663.14
Newfoundland and Labrador,2025-07-01,8768727.42
Colorado,2022-09-01,156345768.73
Oklahoma,2024-03-01,134731202.93
Manitoba,2025-05-01,9932586.16
California,2025-01-01,335185533.14
New Mexico,2026-03-01,47306474.99
British Columbia,2025-08-01,64647430.62
British Columbia,2023-01-01,55925167.83
Montana,2023-05-01,26147066.72
New Mexico,2022-12-01,43431029.24
South Dakota,2023-11-01,5125104.67
Puerto Rico,2023-01-01,24682051.50
South Dakota,2024-01-01,5005337.57
West Virginia,2024-07-01,8157996.51
Rhode Island,2025-09-01,8572027.12
New Brunswick,2025-06-01,2169325.72
Minnesota,2024-09-01,13655135.06
Newfoundland and Labrador,2022-10-01,5051608.76
Utah,2023-04-01,6901116.19
Vermont,2025-02-01,11387953.21
Virginia,2023-09-01,13020953.60
Connecticut,2023-01-01,18643219.94
Connecticut,2024-06-01,24141281.11
Arkansas,2024-02-01,22218451.58
New Brunswick,2024-07-01,1831336.06
Louisiana,2024-11-01,10367860.31
Nova Scotia,2025-02-01,2257860.60
Iowa,2025-12-01,1197389.70
Nova Scotia,2025-04-01,2715639.13
Delaware,2022-12-01,3155482.16
Nova Scotia,2025-05-01,2619729.54
Nova Scotia,2023-01-01,1430944.95
Nova Scotia,2023-09-01,1840045.27
Louisiana,2023-02-01,4390079.60
Texas,2025-05-01,208326.62
Texas,2023-09-01,943956.57
Georgia,2024-09-01,718511.08
Nunavut,2025-05-01,1230851.74
Georgia,2023-06-01,265845.17
South Carolina,2024-02-01,0.00
North Carolina,2025-09-01,4458696.46
Nevada,2025-11-01,63917567.17
Mississippi,2025-06-01,15784530.33
Ontario,2023-09-01,193084066.11
Alberta,2023-10-01,92222358.68
Michigan,2023-07-01,278472933.54
Oklahoma,2024-04-01,128945410.66
Washington,2024-11-01,93983117.68
Massachusetts,2023-08-01,160007237.37
Arizona,2025-02-01,103316358.20
Massachusetts,2025-02-01,146950737.76
Oregon,2024-07-01,84116851.14
British Columbia,2026-03-01,61810353.85
Arizona,2025-01-01,109447340.39
New Jersey,2024-01-01,80702153.38
Montana,2023-08-01,30250507.72
Missouri,2022-11-01,39900439.72
Massachusetts,2023-02-01,135503111.58
Ohio,2024-08-01,80770562.69
Maryland,2022-09-01,40874499.92
Manitoba,2026-03-01,9930720.20
Puerto Rico,2024-10-01,33410394.72
Puerto Rico,2025-04-01,11109104.46
Alaska,2023-10-01,19762056.17
Maine,2023-12-01,43045167.08
West Virginia,2024-08-01,8438474.08
Newfoundland and Labrador,2026-01-01,7910085.03
Maryland,2024-08-01,101327777.28
Manitoba,2023-05-01,13395840.43
Minnesota,2024-05-01,14190695.16
New York,2023-03-01,14167945.51
New York,2022-11-01,18382720.66
Manitoba,2023-03-01,13172660.53
Nevada,2024-11-01,67331895.16
Louisiana,2024-12-01,11853541.17
New Mexico,2022-10-01,38909442.74
Hawaii,2025-05-01,2946400.38
Utah,2023-07-01,7399080.31
Arkansas,2023-12-01,24823521.47
Hawaii,2023-06-01,2752786.30
South Dakota,2024-10-01,5507895.84
Vermont,2024-09-01,12333231.62
Connecticut,2025-04-01,24000435.92
Connecticut,2024-03-01,24874671.09
Utah,2023-05-01,7255852.94
New Brunswick,2025-11-01,1868191.16
Newfoundland and Labrador,2024-03-01,6324515.02
Georgia,2025-09-01,877885.16
Arkansas,2025-01-01,23665066.08
Vermont,2023-12-01,10361708.30
Virginia,2022-12-01,9532609.95
New Brunswick,2023-01-01,2508900.42
New Hampshire,2025-02-01,780456.34
North Dakota,2025-08-01,1657183.32
North Dakota,2023-06-01,1297613.59
Hawaii,2023-08-01,3017510.69
New Hampshire,2025-08-01,873712.52
Yukon,2022-09-01,1148445.00
Texas,2022-10-01,779088.40
New Hampshire,2026-01-01,808033.83
District of Columbia,2023-02-01,4393739.71
North Dakota,2025-06-01,1446847.52
Rhode Island,2022-11-01,3093369.27
New Hampshire,2023-07-01,951475.48
Yukon,2025-12-01,599669.77
Nunavut,2024-07-01,971852.48
Iowa,2024-02-01,1350904.64
Nunavut,2026-03-01,553546.25
Quebec,2024-01-01,0.00
Nunavut,2025-11-01,552971.51
Florida,2025-09-01,161173260.11
Ohio,2025-03-01,85081351.69
Oklahoma,2024-06-01,134958867.89
Michigan,2024-06-01,280718881.91
Michigan,2024-12-01,267580997.65
Maryland,2024-07-01,96163764.37
Florida,2023-02-01,127999570.53
Colorado,2022-10-01,151140195.84
New York,2025-02-01,117713318.73
Missouri,2025-11-01,125885570.49
New Mexico,2025-02-01,44967368.21
Colorado,2025-06-01,112132398.92
Alberta,2025-01-01,58733918.22
New Mexico,2023-02-01,42028608.32
Alaska,2025-06-01,18319862.04
Mississippi,2025-11-01,16358607.89
Maryland,2023-02-01,38016171.11
New Mexico,2025-07-01,49227634.02
New York,2024-12-01,121439883.12
Alaska,2024-03-01,18078652.34
Michigan,2023-02-01,217998562.86
Puerto Rico,2023-05-01,28367162.05
Alaska,2022-10-01,19019245.43
Nevada,2025-02-01,61666711.48
Montana,2024-04-01,27218110.20
New Jersey,2023-05-01,54074759.32
Newfoundland and Labrador,2024-12-01,7015348.59
Arkansas,2023-01-01,23773903.62
Arizona,2022-12-01,126029886.08
West Virginia,2023-03-01,4879706.51
South Dakota,2024-12-01,5703152.98
Newfoundland and Labrador,2026-03-01,7912583.27
West Virginia,2024-09-01,7445176.57
South Dakota,2023-08-01,4382969.27
Ohio,2022-09-01,39920785.16
New Brunswick,2025-01-01,1831865.70
South Dakota,2023-10-01,4511347.34
New York,2023-01-01,11718523.01
Oklahoma,2023-08-01,131085950.80
California,2025-11-01,332962131.41
Ontario,2025-04-01,184805347.38
New Mexico,2024-12-01,49403951.96
Nevada,2024-03-01,72832603.94
Arizona,2025-05-01,106154851.25
Alberta,2024-08-01,61893364.75
Pennsylvania,2024-11-01,95166985.22
Montana,2026-03-01,27451682.09
Connecticut,2025-10-01,24856587.71
Alaska,2024-04-01,18669619.65
Maine,2025-03-01,40674201.53
Manitoba,2025-11-01,10070624.07
Mississippi,2024-12-01,11859702.53
Manitoba,2025-08-01,11087182.59
Vermont,2025-11-01,11298893.39
Nova Scotia,2024-11-01,2508685.52
Yukon,2025-11-01,535116.99
Colorado,2024-03-01,128917730.55
New Mexico,2025-10-01,47199064.03
Alberta,2023-04-01,68409440.33
Massachusetts,2024-09-01,152210037.31
Arkansas,2025-02-01,22005253.70
South Dakota,2022-11-01,3418703.51
Iowa,2023-09-01,1258029.46
District of Columbia,2024-11-01,3900184.91
Newfoundland and Labrador,2025-09-01,8691704.68
Georgia,2025-10-01,866341.74
Utah,2025-08-01,14142130.33
Virginia,2025-06-01,15683100.32
District of Columbia,2024-08-01,3796530.26
Georgia,2024-06-01,759345.56
Hawaii,2025-11-01,2922518.60
Arkansas,2024-01-01,23163386.71
New Hampshire,2024-06-01,835873.22
Rhode Island,2022-09-01,564602.06
Yukon,2023-01-01,1029566.32
North Carolina,2025-04-01,4131684.92
Florida,2022-11-01,135345576.32
Oklahoma,2025-12-01,104171779.61
British Columbia,2025-05-01,61730893.45
Florida,2023-08-01,144054838.69
Oklahoma,2026-01-01,98050610.72
Oklahoma,2024-10-01,120974734.89
Oregon,2025-05-01,81657122.74
New Mexico,2025-06-01,47880713.56
Ontario,2023-01-01,168560745.54
New York,2025-01-01,122780084.82
Michigan,2023-11-01,262156286.78
New Jersey,2025-06-01,96760773.48
Pennsylvania,2023-09-01,88883201.81
Massachusetts,2024-05-01,156806339.43
Alaska,2024-05-01,18780686.05
British Columbia,2023-08-01,63156153.30
Oregon,2023-10-01,81169167.02
New Mexico,2025-03-01,49986687.34
Michigan,2025-10-01,269307070.46
Massachusetts,2024-01-01,145529147.12
Illinois,2024-11-01,131012934.59
Puerto Rico,2023-04-01,20278415.93
Missouri,2023-05-01,121910809.05
South Dakota,2025-03-01,6173969.61
Pennsylvania,2024-05-01,97170431.43
Alaska,2026-02-01,14619647.47
West Virginia,2024-05-01,8008608.77
Mississippi,2024-01-01,8130729.94
West Virginia,2022-09-01,2779361.71
Saskatchewan,2024-05-01,8929463.89
New York,2023-07-01,23629728.65
South Dakota,2022-12-01,3273170.33
Massachusetts,2026-02-01,136679925.94
Pennsylvania,2022-11-01,80887200.86
Illinois,2025-03-01,137490134.34
British Columbia,2024-09-01,58142436.88
Maine,2024-02-01,40628381.28
Utah,2026-03-01,15192375.88
New Brunswick,2025-09-01,2058958.22
Yukon,2023-05-01,1188861.43
Alaska,2024-09-01,19639797.84
New Jersey,2023-01-01,45994835.05
Connecticut,2023-06-01,24077008.44
New Jersey,2023-06-01,57002540.55
West Virginia,2023-06-01,5532182.34
Utah,2023-10-01,12810800.85
Newfoundland and Labrador,2023-04-01,5277522.35
Louisiana,2025-10-01,16445036.42
Louisiana,2025-04-01,15161308.67
Louisiana,2022-10-01,2008895.41
Newfoundland and Labrador,2025-01-01,6136093.05
Yukon,2023-03-01,1148632.44
Saskatchewan,2025-11-01,7453692.06
Nova Scotia,2024-08-01,10074419.28
Minnesota,2024-11-01,15277121.61
Louisiana,2024-10-01,10115208.86
Hawaii,2023-05-01,2945634.55
Vermont,2022-09-01,1037330.97
Virginia,2026-02-01,14321875.06
Texas,2023-02-01,711401.99
Yukon,2024-10-01,579063.27
Hawaii,2026-03-01,2982665.00
Iowa,2023-04-01,1179328.18
North Dakota,2025-07-01,1732751.66
Rhode Island,2025-06-01,8529878.38
New Hampshire,2023-04-01,885907.22
Iowa,2024-11-01,1197579.87
Nunavut,2023-04-01,660445.46
Texas,2024-11-01,236893.40
Nunavut,2024-02-01,754498.05
Quebec,2024-02-01,0.00
Colorado,2023-01-01,138374865.96
Michigan,2025-07-01,276337419.94
Saskatchewan,2024-01-01,10869791.60
New Jersey,2024-07-01,93028352.96
Massachusetts,2025-01-01,146409032.21
Ontario,2026-01-01,173588137.37
Michigan,2024-10-01,270392638.59
Arizona,2025-04-01,109114770.92
California,2024-12-01,353120436.52
Illinois,2024-03-01,131595708.81
Oregon,2025-02-01,72697954.24
Colorado,2024-11-01,111425561.25
Ontario,2024-08-01,200378245.16
Massachusetts,2024-02-01,145225033.92
Washington,2023-07-01,85069699.07
Maine,2023-07-01,45381693.43
Puerto Rico,2022-12-01,18291156.00
New Mexico,2024-04-01,51888129.39
Alberta,2023-03-01,68069045.07
Manitoba,2024-03-01,14927797.95
New Mexico,2024-11-01,48377729.08
Maryland,2022-12-01,41381308.30
New Jersey,2024-03-01,87324984.23
Nevada,2026-03-01,65828707.08
Newfoundland and Labrador,2025-08-01,8855566.95
Montana,2026-01-01,27310440.15
Puerto Rico,2025-09-01,10855692.01
District of Columbia,2025-09-01,5696731.39
Minnesota,2023-11-01,7121068.77
New Mexico,2023-06-01,48327876.40
Colorado,2024-09-01,114351281.00
Maryland,2023-11-01,90270005.88
Mississippi,2023-10-01,6554565.74
Mississippi,2025-03-01,13408393.17
New Mexico,2023-08-01,48778820.91
Connecticut,2025-12-01,26287438.04
Delaware,2026-03-01,5863453.58
Illinois,2022-09-01,125139671.77
West Virginia,2025-06-01,7644107.37
Nevada,2024-10-01,68539059.42
Arkansas,2022-12-01,24870886.50
Maryland,2023-05-01,41031293.52
Manitoba,2024-05-01,11182205.33
Hawaii,2025-07-01,3094054.51
Louisiana,2024-04-01,9228292.25
New York,2023-04-01,15203750.47
Connecticut,2022-10-01,17307092.71
Utah,2025-10-01,15530501.33
Utah,2024-01-01,12927856.23
North Dakota,2024-04-01,1393519.04
Nova Scotia,2025-12-01,4192576.22
Rhode Island,2024-02-01,6934688.69
Virginia,2024-01-01,13461622.03
Louisiana,2022-11-01,2790617.32
Delaware,2025-11-01,5136647.14
Virginia,2026-03-01,15690912.59
Kentucky,2026-03-01,578242.59
Delaware,2025-09-01,4944208.57
North Dakota,2025-01-01,1637357.75
Yukon,2023-07-01,1396611.81
Iowa,2025-05-01,1233621.25
Yukon,2025-10-01,641574.65
Yukon,2024-06-01,615484.94
Nunavut,2022-11-01,485536.90
Nunavut,2022-09-01,395022.50
Nunavut,2025-06-01,1172695.64
Nunavut,2025-03-01,1719302.82
Florida,2023-10-01,152224721.30
Alaska,2023-01-01,18453491.02
Florida,2025-12-01,172475929.55
Massachusetts,2025-03-01,153812741.15
Michigan,2023-12-01,281672549.07
California,2024-08-01,364625861.33
Maryland,2025-12-01,103581486.61
California,2023-06-01,403280254.96
Connecticut,2024-12-01,25661146.80
Michigan,2025-01-01,248982220.47
Arizona,2025-09-01,88949259.90
Colorado,2025-08-01,118302755.39
Oregon,2023-01-01,77297855.94
New Mexico,2025-09-01,45173045.57
Arizona,2023-04-01,121458144.50
Massachusetts,2024-04-01,151852547.20
Colorado,2024-04-01,122202637.32
British Columbia,2025-01-01,58272214.76
Missouri,2023-04-01,122220620.22
Massachusetts,2023-05-01,150203817.14
Ohio,2025-06-01,88082091.18
Puerto Rico,2024-07-01,36019341.66
Mississippi,2025-05-01,14824949.41
Vermont,2023-11-01,9769504.38
Utah,2025-07-01,14404845.04
Vermont,2025-01-01,11788190.19
District of Columbia,2022-10-01,4497521.73
Oregon,2025-06-01,78162009.38
New Jersey,2026-03-01,102129610.39
Ontario,2026-02-01,156905345.48
Ohio,2025-04-01,86796932.52
Connecticut,2025-06-01,24004035.07
Arkansas,2023-02-01,22808250.68
West Virginia,2023-08-01,6108865.76
Pennsylvania,2023-08-01,90594656.32
Arizona,2024-08-01,100969090.85
Alaska,2022-09-01,21412192.20
West Virginia,2025-02-01,10126066.93
Arkansas,2025-12-01,25205900.57
Arkansas,2025-09-01,22762749.99
South Dakota,2025-02-01,5703384.10
Delaware,2025-06-01,1730037.48
Minnesota,2025-06-01,21011619.53
Rhode Island,2023-03-01,4786597.45
New York,2023-11-01,29874855.53
Maryland,2023-01-01,38316608.96
Arkansas,2023-05-01,23609537.78
New Jersey,2023-11-01,74285243.01
Newfoundland and Labrador,2023-07-01,5996684.38
Texas,2025-04-01,242674.50
Louisiana,2024-03-01,8565134.63
Hawaii,2024-04-01,3147914.13
Maryland,2024-10-01,96803628.26
District of Columbia,2024-06-01,3811990.48
Minnesota,2023-08-01,6365587.56
North Dakota,2026-03-01,1679740.14
Texas,2025-07-01,235410.44
New Hampshire,2023-11-01,764216.70
Rhode Island,2024-10-01,7612026.12
Louisiana,2024-09-01,9903124.44
New Hampshire,2023-08-01,1092094.14
District of Columbia,2023-06-01,4715633.81
Nova Scotia,2025-03-01,2643698.63
New Hampshire,2024-09-01,766896.93
Yukon,2024-09-01,589339.42
Georgia,2024-03-01,803450.34
Iowa,2024-06-01,1132829.31
Iowa,2022-10-01,1089012.87
Nunavut,2023-01-01,666818.94
Yukon,2023-06-01,1319412.12
Yukon,2024-05-01,597939.63
Nunavut,2023-09-01,746130.75
Northern Mariana Islands,2022-10-01,0.00
South Carolina,2022-11-01,0.00
North Carolina,2025-12-01,4919624.45
Nunavut,2025-04-01,1145990.88
North Carolina,2026-03-01,4809291.66
North Carolina,2024-04-01,216346.48
Oklahoma,2025-05-01,117818679.09
California,2025-12-01,346898708.73
Michigan,2023-06-01,262484828.09
New Jersey,2026-02-01,94911655.36
Washington,2024-04-01,89499936.24
Oklahoma,2025-11-01,102576124.69
California,2025-08-01,343409787.55
Washington,2023-05-01,72475131.43
Illinois,2025-12-01,132161108.68
California,2024-10-01,344612656.02
Washington,2022-09-01,90694799.50
Arizona,2023-12-01,118939126.35
Missouri,2025-12-01,133837944.80
Missouri,2026-01-01,126774743.64
Oklahoma,2025-10-01,107125900.24
Alberta,2023-05-01,68534728.54
New York,2024-11-01,105128565.29
British Columbia,2025-12-01,65077113.79
British Columbia,2023-09-01,60168046.54
Montana,2023-09-01,29495334.17
Mississippi,2024-06-01,9177062.85
Colorado,2026-03-01,104391229.06
Maine,2023-06-01,44279851.61
Manitoba,2024-11-01,11006646.34
Vermont,2023-03-01,8068215.91
Mississippi,2023-12-01,8534168.88
South Dakota,2024-09-01,5243420.19
Manitoba,2025-12-01,11123399.60
Saskatchewan,2022-10-01,9811926.71
Newfoundland and Labrador,2025-02-01,6867430.48
Virginia,2024-09-01,14673584.52
Delaware,2025-12-01,5398552.75
Oregon,2026-01-01,76423806.47
Ohio,2024-03-01,43080616.40
Nevada,2023-06-01,71515870.36
Nevada,2025-07-01,65314380.00
Alaska,2024-11-01,18232989.43
Alberta,2026-01-01,51890042.99
New Jersey,2025-04-01,93024217.54
Alberta,2025-03-01,58040297.44
Saskatchewan,2025-03-01,8296512.55
British Columbia,2023-10-01,70954273.69
Vermont,2025-05-01,12612832.97
Minnesota,2025-07-01,22101113.43
West Virginia,2025-09-01,7568251.80
Virginia,2025-11-01,15340860.43
Minnesota,2025-11-01,22028350.15
South Dakota,2025-12-01,6115935.93
West Virginia,2026-02-01,7395904.83
Saskatchewan,2022-11-01,9049045.44
Connecticut,2023-10-01,25036031.36
Virginia,2025-04-01,15961901.02
Delaware,2024-10-01,2689564.81
Nova Scotia,2026-01-01,3313038.77
Rhode Island,2025-01-01,7295729.02
Virginia,2025-08-01,15767598.40
Utah,2023-12-01,13808988.63
Texas,2023-08-01,883085.91
Iowa,2025-11-01,1156469.99
Texas,2024-06-01,219953.52
New Brunswick,2026-03-01,1780992.96
District of Columbia,2022-12-01,5059586.14
Nova Scotia,2023-03-01,1561084.65
Yukon,2023-08-01,1434740.17
North Dakota,2024-02-01,1465415.96
New Hampshire,2026-02-01,655183.51
Rhode Island,2023-02-01,4212376.43
North Dakota,2026-01-01,1695803.75
Nunavut,2024-04-01,1013464.44
North Carolina,2025-07-01,4677392.68
North Carolina,2024-09-01,3062024.58
Northern Mariana Islands,2023-11-01,0.00
Northern Mariana Islands,2022-11-01,0.00
Northern Mariana Islands,2022-09-01,0.00
Florida,2025-07-01,169733839.04
Michigan,2024-11-01,278249714.32
Florida,2024-04-01,160817936.40
Ontario,2024-03-01,232751994.18
Michigan,2025-04-01,272238984.86
Colorado,2024-10-01,115740451.96
Missouri,2024-09-01,118577205.85
Illinois,2023-01-01,134645434.82
Pennsylvania,2022-12-01,84710237.90
Missouri,2024-07-01,124785180.25
Massachusetts,2023-06-01,154251854.20
Oregon,2024-02-01,78394734.43
Massachusetts,2024-10-01,155270953.20
California,2024-02-01,358889449.14
Massachusetts,2024-06-01,154135859.44
Colorado,2025-10-01,110648435.41
Alberta,2024-02-01,87515050.68
Ohio,2025-07-01,94506525.92
Manitoba,2024-10-01,11837031.25
Puerto Rico,2025-01-01,15496363.02
Montana,2025-09-01,28106193.31
Missouri,2024-06-01,120700137.74
Oklahoma,2024-07-01,137067314.83
British Columbia,2025-02-01,52347296.84
Michigan,2022-11-01,204843259.87
Arkansas,2026-01-01,25211348.13
Massachusetts,2022-09-01,151352897.31
Arizona,2023-09-01,112864682.36
Puerto Rico,2023-12-01,59690204.56
Manitoba,2025-07-01,11091391.48
New York,2022-09-01,13787740.11
Minnesota,2023-02-01,4117101.29
Illinois,2026-02-01,118495436.93
Missouri,2024-04-01,121339321.92
District of Columbia,2023-03-01,4740083.89
Illinois,2024-05-01,141730015.76
Pennsylvania,2023-10-01,91414416.24
Alaska,2025-02-01,16827648.42
New Mexico,2026-02-01,42725288.26
Ohio,2024-10-01,80304964.57
Vermont,2026-02-01,11672075.68
Ohio,2022-11-01,39551882.51
Arizona,2024-12-01,108603350.22
Colorado,2025-04-01,114141454.75
Saskatchewan,2024-07-01,9128646.40
North Dakota,2024-08-01,1472759.17
South Dakota,2025-10-01,6470932.11
District of Columbia,2023-01-01,4682178.64
New Brunswick,2024-05-01,1771957.24
Connecticut,2025-01-01,23741918.18
New Hampshire,2024-02-01,740321.66
Yukon,2025-03-01,601780.30
Louisiana,2024-02-01,8174501.30
North Dakota,2022-09-01,1267895.97
Yukon,2024-02-01,609997.56
Louisiana,2023-10-01,7061293.62
Texas,2022-09-01,862728.90
Nova Scotia,2023-02-01,1388755.52
Texas,2025-06-01,250641.50
North Dakota,2025-11-01,1495005.47
Texas,2025-09-01,646608.78
Yukon,2024-07-01,617498.83
Rhode Island,2022-12-01,4198128.43
Iowa,2024-10-01,1142954.09
Kentucky,2026-02-01,552149.96
Iowa,2025-07-01,1252675.11
Texas,2025-02-01,224618.30
Northern Mariana Islands,2024-01-01,0.00
Nunavut,2025-12-01,526653.64
South Carolina,2023-12-01,0.00
North Carolina,2026-01-01,4219806.86
Florida,2025-06-01,171894246.59
Florida,2026-01-01,165213453.08
Florida,2022-12-01,134727040.18
Washington,2023-01-01,74000412.41
California,2023-12-01,385461746.41
Montana,2023-06-01,27163625.99
Michigan,2025-03-01,278721477.33
New York,2025-06-01,150645518.72
California,2024-01-01,360705017.57
British Columbia,2024-12-01,61987292.72
Oregon,2024-10-01,81364744.44
Oregon,2025-09-01,76098107.46
Missouri,2026-02-01,120987292.13
Maryland,2025-06-01,98526641.21
New Jersey,2025-01-01,95791470.38
Pennsylvania,2025-03-01,92946536.14
Oregon,2022-10-01,77005789.19
British Columbia,2023-04-01,56147774.84
Arkansas,2023-06-01,22416795.84
Alaska,2026-01-01,16033310.54
British Columbia,2023-05-01,58818138.84
Puerto Rico,2025-10-01,11546782.47
Arizona,2024-06-01,101732283.19
Alaska,2023-06-01,19452958.70
Vermont,2024-11-01,11439396.76
Alaska,2023-05-01,19999617.38
Nevada,2024-06-01,70342586.33
Maine,2023-02-01,21923001.86
District of Columbia,2026-02-01,6338222.97
Vermont,2026-03-01,12645903.03
Virginia,2023-11-01,13682590.13
Saskatchewan,2023-04-01,9272616.92
New Brunswick,2025-08-01,2170342.21
Minnesota,2025-08-01,23213911.35
Alberta,2023-02-01,60331449.39
New Jersey,2025-12-01,108203072.77
Oregon,2025-10-01,79116625.13
British Columbia,2024-05-01,59752886.94
New Mexico,2024-03-01,53298149.13
Nevada,2024-05-01,74286682.49
Ontario,2023-02-01,157685688.35
Illinois,2023-03-01,133649046.98
New Mexico,2025-05-01,50569729.64
New Mexico,2023-04-01,46517313.06
Minnesota,2023-04-01,5520375.80
Vermont,2024-06-01,11591649.66
Iowa,2023-12-01,1373185.61
Hawaii,2023-04-01,3062573.23
Newfoundland and Labrador,2023-03-01,5528769.12
Saskatchewan,2023-03-01,9581528.23
Ohio,2024-05-01,42404741.43
West Virginia,2025-05-01,8373024.49
Louisiana,2025-11-01,16428846.10
Utah,2024-09-01,13886169.86
Hawaii,2025-01-01,2899299.36
West Virginia,2025-03-01,8570839.70
District of Columbia,2024-05-01,4084129.86
New Hampshire,2025-10-01,1011745.84
North Dakota,2024-05-01,1554664.49
Yukon,2022-12-01,1093352.57
New Hampshire,2025-01-01,849120.02
District of Columbia,2023-04-01,4821725.55
Rhode Island,2023-01-01,4166354.07
Connecticut,2022-11-01,17287108.06
Yukon,2025-06-01,611443.57
Yukon,2023-04-01,1087729.66
Texas,2026-02-01,456294.47
Iowa,2023-01-01,1218138.15
New Hampshire,2025-04-01,813893.04
North Dakota,2025-12-01,1704036.81
Utah,2025-05-01,15285143.56
Yukon,2026-02-01,497649.11
North Carolina,2025-03-01,4970427.91
Florida,2024-06-01,157578026.15
Oregon,2023-11-01,79143927.01
New Mexico,2025-08-01,49576569.89
California,2024-03-01,376821390.65
California,2025-07-01,344199487.53
New York,2023-12-01,38661411.28
Washington,2023-11-01,81765163.70
Washington,2025-04-01,96483135.48
Missouri,2025-04-01,127037701.67
Ontario,2025-11-01,172345911.62
Oklahoma,2022-09-01,156327406.12
Colorado,2024-02-01,116373325.00
Illinois,2025-02-01,124090165.34
Pennsylvania,2025-12-01,96011136.16
Missouri,2023-07-01,124178276.84
Washington,2024-02-01,85594999.24
Ohio,2023-07-01,42345855.71
New York,2024-09-01,94198714.47
Montana,2024-08-01,30813712.99
Massachusetts,2023-09-01,154318343.85
Maine,2024-11-01,41141458.37
Minnesota,2025-04-01,19344615.07
New York,2026-01-01,147454164.87
Alberta,2022-11-01,63358950.70
Illinois,2025-01-01,130408023.73
Montana,2025-11-01,27834733.18
Missouri,2023-01-01,45255301.76
Manitoba,2023-09-01,13672057.32
Ohio,2024-11-01,80023092.63
Puerto Rico,2023-06-01,63226658.53
Montana,2022-12-01,26478631.49
West Virginia,2022-11-01,3268362.08
West Virginia,2023-11-01,6583884.25
New York,2023-10-01,26224451.26
South Dakota,2026-01-01,5910914.92
Mississippi,2023-03-01,5889893.66
Newfoundland and Labrador,2022-11-01,4906496.40
Florida,2025-10-01,171891958.28
Washington,2023-04-01,76996181.73
Oregon,2025-12-01,79202797.74
Alberta,2023-07-01,70584121.93
District of Columbia,2025-11-01,6244529.98
Utah,2025-09-01,14226245.49
Mississippi,2025-02-01,11774213.79
Saskatchewan,2023-09-01,10381326.30
Saskatchewan,2025-07-01,8161553.49
West Virginia,2025-12-01,8014397.21
Saskatchewan,2023-11-01,11028001.31
Saskatchewan,2026-01-01,6775754.49
Louisiana,2023-03-01,4522261.99
District of Columbia,2026-03-01,6915748.42
New Jersey,2025-03-01,97499117.21
Nevada,2025-03-01,67884590.50
West Virginia,2024-04-01,7858161.47
Virginia,2023-08-01,12755688.85
New Hampshire,2023-01-01,880314.04
Hawaii,2025-09-01,2607924.83
Minnesota,2022-11-01,3690122.63
District of Columbia,2025-10-01,6224808.16
District of Columbia,2025-08-01,5876356.39
West Virginia,2024-02-01,7543780.23
Yukon,2023-09-01,1211549.77
Virginia,2024-08-01,16041859.82
North Dakota,2026-02-01,1960994.97
Arkansas,2023-03-01,23502625.85
Virginia,2022-11-01,7662429.26
New Brunswick,2024-08-01,2139786.78
District of Columbia,2025-01-01,4475890.53
Utah,2023-03-01,7187236.95
Texas,2024-10-01,237950.36
New Brunswick,2024-10-01,1718690.88
Hawaii,2025-02-01,2761026.48
Yukon,2025-02-01,507154.00
Delaware,2024-06-01,2465615.19
Georgia,2024-08-01,795825.88
New Hampshire,2025-03-01,830279.81
Rhode Island,2022-10-01,2662421.38
New Hampshire,2022-11-01,922310.69
Iowa,2023-07-01,1193552.81
Nunavut,2024-10-01,1110501.60
South Carolina,2022-09-01,0.00
North Carolina,2025-10-01,5067972.73
South Carolina,2023-03-01,0.00
South Carolina,2023-09-01,0.00
South Carolina,2023-07-01,0.00
Northern Mariana Islands,2023-01-01,0.00
Northern Mariana Islands,2023-12-01,0.00
Florida,2025-11-01,164527277.59
Missouri,2024-11-01,129348409.62
Washington,2025-06-01,88165620.65
Washington,2026-03-01,92634440.05
Illinois,2024-08-01,138432697.54
Pennsylvania,2025-05-01,97353239.50
Arizona,2023-10-01,112623844.29
Oklahoma,2024-08-01,151168559.52
Missouri,2026-03-01,131434270.38
Oregon,2025-11-01,76156911.04
Washington,2023-09-01,86084680.81
Washington,2023-03-01,76371364.35
Massachusetts,2023-03-01,151962510.49
British Columbia,2022-12-01,56773231.93
Ontario,2023-03-01,175289094.79
Mississippi,2024-03-01,9948731.10
Ohio,2024-07-01,40747680.88
Saskatchewan,2025-12-01,7912511.27
Massachusetts,2023-10-01,150998477.01
Ontario,2024-11-01,185052582.61
British Columbia,2023-07-01,63172595.26
Nevada,2023-02-01,65295597.16
New York,2024-04-01,56902681.51
Manitoba,2022-10-01,12371957.71
Saskatchewan,2025-06-01,7687272.88
Connecticut,2026-02-01,22577626.21
Maryland,2023-04-01,40227948.48
Nova Scotia,2023-12-01,2275111.13
California,2023-05-01,406476469.62
Missouri,2023-03-01,127326637.32
Puerto Rico,2022-09-01,11222026.65
Illinois,2024-01-01,134481598.69
Arkansas,2025-08-01,24716180.28
Mississippi,2025-12-01,17219430.48
Arkansas,2024-07-01,23048987.59
Connecticut,2023-11-01,25878798.33
Newfoundland and Labrador,2023-06-01,5253762.60
South Dakota,2023-04-01,3323747.79
District of Columbia,2025-02-01,4519646.21
Rhode Island,2025-05-01,8987559.03
Connecticut,2022-09-01,10549810.64
Utah,2022-09-01,6158372.47
Iowa,2026-02-01,1050393.56
Delaware,2023-04-01,3609864.42
Texas,2025-12-01,474798.13
Hawaii,2026-01-01,2896109.49
Georgia,2026-01-01,770000.11
Rhode Island,2024-04-01,7476833.84
North Dakota,2023-10-01,1455294.08
Iowa,2025-04-01,1227610.10
Rhode Island,2025-07-01,8882786.52
Yukon,2026-01-01,557938.75
Nova Scotia,2024-06-01,1621379.47
Nunavut,2025-09-01,1381625.51
New Hampshire,2023-06-01,1056712.49
Rhode Island,2024-08-01,7815716.80
New Hampshire,2023-12-01,825665.07
Georgia,2025-03-01,764988.87
North Dakota,2025-09-01,1460896.44
Nunavut,2023-07-01,594641.62
South Carolina,2022-10-01,0.00
South Carolina,2024-03-01,0.00
Florida,2026-02-01,154777550.13
Florida,2025-02-01,162695863.24
Washington,2022-12-01,74499808.88
Illinois,2024-10-01,135006846.97
Oklahoma,2024-11-01,121007016.10
British Columbia,2025-11-01,60350994.04
Michigan,2025-08-01,285000163.38
Washington,2023-12-01,91346540.65
Arkansas,2025-03-01,25124852.66
New Mexico,2026-01-01,44072461.06
California,2023-10-01,368078434.53
Newfoundland and Labrador,2024-02-01,6245833.47
Colorado,2023-10-01,124165074.28
Colorado,2023-11-01,112010535.15
Colorado,2025-07-01,117660152.79
Alberta,2024-11-01,62657755.72
Montana,2023-07-01,29934568.08
Alberta,2024-01-01,86428569.82
Alberta,2024-10-01,60532163.74
Pennsylvania,2023-01-01,83105275.13
Colorado,2026-02-01,98445244.51
Alberta,2023-12-01,88225187.54
Colorado,2025-11-01,105463486.17
Utah,2024-12-01,14261141.28
Nevada,2023-04-01,71902722.27
Rhode Island,2024-07-01,8357636.87
Mississippi,2025-08-01,18434447.72
Virginia,2026-01-01,15948477.78
South Dakota,2025-09-01,6254759.98
Vermont,2023-09-01,10654437.58
Ohio,2023-03-01,42408152.76
Ohio,2024-06-01,41114171.82
Colorado,2025-03-01,118223494.77
Vermont,2024-04-01,11622312.99
Maryland,2025-09-01,94419163.31
Pennsylvania,2024-01-01,93517856.03
Saskatchewan,2023-06-01,9444544.42
Alaska,2023-12-01,17111109.10
Maine,2024-09-01,43995689.57
Arizona,2023-06-01,112838092.69
Maryland,2024-03-01,96501543.86
Alaska,2023-11-01,18057668.77
Virginia,2025-12-01,16689739.59
Ohio,2022-10-01,39961392.10
Louisiana,2025-02-01,14348306.95
Maryland,2024-09-01,93650965.05
Arkansas,2025-05-01,25603806.58
Arkansas,2024-08-01,24042957.39
District of Columbia,2025-12-01,6611761.40
West Virginia,2022-10-01,2909273.53
West Virginia,2022-12-01,4129992.63
New Brunswick,2024-11-01,1788814.37
Nova Scotia,2026-03-01,3201719.77
Ohio,2023-05-01,42151424.02
Hawaii,2025-10-01,2890144.54
Virginia,2022-10-01,7169290.94
Texas,2026-01-01,486321.05
North Dakota,2024-01-01,1581236.05
Rhode Island,2023-10-01,6671501.56
Virginia,2023-01-01,10023265.75
Nova Scotia,2024-10-01,1771153.18
Rhode Island,2024-01-01,6982053.26
Iowa,2022-12-01,1028792.31
North Dakota,2023-05-01,1262812.50
Delaware,2024-11-01,2467089.62
Yukon,2023-12-01,674708.45
Yukon,2023-02-01,942394.62
Georgia,2024-07-01,793675.99
Iowa,2024-05-01,1185436.81
North Carolina,2024-06-01,530464.62
South Carolina,2024-04-01,0.00
North Carolina,2024-10-01,3719049.70
Michigan,2024-05-01,281606592.49
Washington,2024-09-01,83469336.14
Washington,2024-06-01,86010098.41
Oregon,2024-03-01,84615540.21
New York,2025-03-01,135892588.64
British Columbia,2024-10-01,61320355.03
Arizona,2023-07-01,106132390.35
Oregon,2025-07-01,81339763.06
Illinois,2026-01-01,125253933.55
Colorado,2023-08-01,133857936.80
Washington,2022-11-01,77726077.24
Nevada,2022-11-01,69114993.30
Oklahoma,2023-04-01,128515248.08
Washington,2026-01-01,90950173.94
California,2023-04-01,404186613.74
Nevada,2024-01-01,69609944.97
Maryland,2023-08-01,92365831.32
Colorado,2024-07-01,124819686.89
Alberta,2025-10-01,56229775.72
Arizona,2024-11-01,102345448.39
Manitoba,2024-02-01,15829321.56
Ohio,2026-01-01,100214409.17
Alberta,2022-09-01,70658674.98
Montana,2023-02-01,25452473.76
Michigan,2023-01-01,208870903.42
Pennsylvania,2025-06-01,93592177.83
New Jersey,2024-05-01,92802823.24
Illinois,2023-07-01,136675575.02
Pennsylvania,2023-12-01,96003785.60
Nevada,2023-03-01,67511548.31
Nevada,2023-09-01,71393323.88
Alaska,2025-01-01,18058581.04
Connecticut,2025-11-01,24129261.52
Connecticut,2024-10-01,24251803.23
Massachusetts,2023-04-01,147666315.64
Manitoba,2023-04-01,12968272.64
Maine,2023-01-01,24157238.27
Puerto Rico,2026-03-01,10789152.56
New Jersey,2023-02-01,43479031.92
Illinois,2023-02-01,124807622.78
Manitoba,2024-01-01,15428405.79
Nova Scotia,2025-01-01,2380349.49
Ontario,2023-06-01,181791855.95
Arizona,2026-03-01,101137584.81
Puerto Rico,2024-05-01,40266783.27
Mississippi,2024-02-01,8628940.26
Maryland,2025-11-01,98883915.22
Montana,2025-03-01,26758340.03
New Jersey,2024-12-01,104685048.86
Arizona,2024-10-01,103687523.45
Manitoba,2022-11-01,12631278.59
Maine,2023-11-01,41291187.47
Saskatchewan,2022-12-01,10196311.83
Minnesota,2023-07-01,5846962.80
New Brunswick,2024-01-01,1125872.63
Connecticut,2024-07-01,24854397.68
Vermont,2024-05-01,11703121.46
North Dakota,2023-12-01,1618340.60
Louisiana,2023-08-01,8071888.62
Virginia,2023-03-01,10505193.97
North Dakota,2024-12-01,1631043.10
Rhode Island,2026-03-01,10984871.07
South Dakota,2024-04-01,5052223.93
Hawaii,2023-03-01,3166171.78
Hawaii,2024-06-01,2775923.91
Texas,2023-05-01,793182.29
Louisiana,2024-05-01,9045301.48
New Brunswick,2024-06-01,1877615.38
District of Columbia,2022-11-01,4825251.51
Iowa,2024-03-01,1285580.64
Georgia,2023-10-01,782117.83
New Hampshire,2023-10-01,770110.64
Georgia,2025-05-01,819787.63
Delaware,2025-04-01,1990923.08
Yukon,2025-05-01,620593.77
Texas,2024-09-01,207057.19
Texas,2024-02-01,216480.01
Yukon,2025-09-01,603019.94
Georgia,2023-12-01,895439.12
Nunavut,2024-03-01,655627.92
South Carolina,2023-05-01,0.00
Florida,2023-01-01,135837008.54
California,2022-09-01,363808180.27
Florida,2024-12-01,173342997.91
Oklahoma,2023-06-01,127055301.33
Michigan,2025-06-01,262756339.61
New Jersey,2025-07-01,103063393.15
Colorado,2024-01-01,117473206.40
New Jersey,2025-05-01,97724432.81
New York,2024-06-01,76969678.90
Maine,2026-02-01,35223511.20
Pennsylvania,2023-03-01,85101210.13
Yukon,2024-11-01,558700.65
Manitoba,2025-02-01,8729071.81
Missouri,2022-10-01,39518878.40
Ontario,2023-10-01,252192844.41
Maine,2026-01-01,37256994.92
Puerto Rico,2024-11-01,34726376.62
Nevada,2023-08-01,72927891.53
Vermont,2025-12-01,13038685.94
Virginia,2025-02-01,14593730.25
New Mexico,2023-12-01,51170539.75
Vermont,2024-08-01,13436092.68
South Dakota,2025-06-01,6164717.81
South Dakota,2023-02-01,3239050.88
Saskatchewan,2026-03-01,6207250.90
Saskatchewan,2023-12-01,12176205.37
District of Columbia,2025-07-01,5919101.75
New York,2025-12-01,157435823.09
Puerto Rico,2025-07-01,13053512.54
Pennsylvania,2025-10-01,91463381.36
Alberta,2024-05-01,60338959.79
Alberta,2023-06-01,67440286.22
Hawaii,2023-09-01,2999445.15
Puerto Rico,2025-02-01,12139810.05
Newfoundland and Labrador,2025-12-01,8080667.64
Hawaii,2025-12-01,3039214.47
Nova Scotia,2025-11-01,4159875.23
Newfoundland and Labrador,2023-12-01,6302760.22
Minnesota,2024-06-01,14085379.00
Ohio,2022-12-01,41594450.84
Arkansas,2023-10-01,24192562.19
Virginia,2025-01-01,15795830.68
Hawaii,2023-01-01,2922769.80
New Brunswick,2023-11-01,1085945.61
Nova Scotia,2025-10-01,3831437.99
District of Columbia,2024-07-01,3758613.65
District of Columbia,2024-01-01,4092152.49
District of Columbia,2024-04-01,4086611.49
Louisiana,2025-07-01,13637561.38
Louisiana,2025-05-01,16806243.97
Delaware,2026-01-01,5258846.72
Hawaii,2024-11-01,3187047.60
Hawaii,2022-10-01,2876030.93
Georgia,2026-03-01,429400.92
Utah,2022-10-01,6520756.27
Delaware,2024-12-01,2388671.35
Yukon,2025-07-01,648060.17
Louisiana,2023-07-01,8043137.67
Georgia,2024-01-01,756023.57
Quebec,2023-11-01,0.00
North Carolina,2024-07-01,723786.81
South Carolina,2023-10-01,0.00
Florida,2024-10-01,168519871.25
Oregon,2023-08-01,83453783.12
Washington,2024-08-01,91379500.17
Colorado,2023-05-01,127322758.57
Missouri,2024-01-01,110963884.80
New Jersey,2024-04-01,86890140.43
Nevada,2025-09-01,63148290.07
California,2024-06-01,349836159.82
Washington,2025-10-01,94768472.00
California,2022-10-01,371583480.66
New Mexico,2025-12-01,46630144.73
Montana,2022-11-01,25339475.62
Illinois,2025-11-01,125340399.07
Maryland,2024-11-01,98385041.98
New York,2025-10-01,165166117.60
Ontario,2025-06-01,189106392.46
Arizona,2023-08-01,110749213.11
Maryland,2022-10-01,40049756.30
Nevada,2025-08-01,66408207.01
Arkansas,2022-10-01,23497062.12
Illinois,2024-07-01,138476925.69
Maine,2025-02-01,38408565.82
Puerto Rico,2024-09-01,36310643.37
Ohio,2023-04-01,42738778.05
Maine,2023-08-01,47655866.49
Minnesota,2025-12-01,23027531.32
New Jersey,2024-06-01,93507842.38
Arkansas,2026-03-01,25214147.17
Arkansas,2026-02-01,25213030.07
Vermont,2024-03-01,11651288.39
Maine,2024-08-01,45309640.48
New Jersey,2023-12-01,76225931.74
Saskatchewan,2025-05-01,7750009.29
South Dakota,2025-04-01,6044166.32
Texas,2023-03-01,800885.90
New Brunswick,2022-12-01,2726281.57
Newfoundland and Labrador,2025-04-01,7474976.65
Louisiana,2025-03-01,14962348.34
Delaware,2024-01-01,2827133.32
Virginia,2023-04-01,11360844.25
New Brunswick,2022-09-01,2583308.07
Nova Scotia,2024-09-01,1631779.57
Delaware,2025-03-01,1979737.13
Nova Scotia,2022-10-01,1547822.29
Texas,2024-01-01,208506.72
Yukon,2024-12-01,641996.44
Utah,2025-03-01,15657039.00
Nova Scotia,2024-01-01,1560267.31
Virginia,2024-02-01,13282747.70
Georgia,2023-07-01,466854.46
Nunavut,2025-07-01,1067879.65
Nunavut,2025-08-01,1133467.35
Nunavut,2026-02-01,495449.10
Northern Mariana Islands,2023-05-01,0.00
Florida,2024-03-01,155181816.04
Florida,2025-04-01,176752093.58
Florida,2026-03-01,171679935.73
Ontario,2024-07-01,197355575.52
Washington,2022-10-01,83875293.10
Manitoba,2025-09-01,10721066.08
Ontario,2022-11-01,161878352.96
Ohio,2023-12-01,48327974.11
Oklahoma,2023-01-01,138261253.27
Colorado,2025-09-01,107786751.64
Alberta,2025-09-01,53342243.35
Nevada,2023-07-01,71671519.93
Massachusetts,2025-07-01,159243514.81
Massachusetts,2025-11-01,149318817.40
Connecticut,2023-07-01,23787295.41
New York,2023-02-01,13367447.30
Pennsylvania,2026-01-01,94697124.25
British Columbia,2024-08-01,62393898.35
Minnesota,2023-12-01,12381273.65
Massachusetts,2023-01-01,141978635.57
Illinois,2025-04-01,134529627.78
Massachusetts,2024-08-01,165731779.63
Pennsylvania,2025-02-01,88091664.62
Missouri,2023-02-01,103923213.26
Puerto Rico,2023-08-01,69669587.54
Manitoba,2024-08-01,11525373.18
Saskatchewan,2024-04-01,8498498.66
Alaska,2023-03-01,20162037.63
New York,2024-10-01,103063320.11
Alaska,2024-12-01,17102347.77
West Virginia,2023-05-01,5165914.78
Mississippi,2024-05-01,10077452.15
South Dakota,2023-09-01,4467808.77
Vermont,2022-10-01,3531617.07
West Virginia,2024-11-01,8290656.79
Illinois,2025-06-01,133827939.44
Oregon,2024-08-01,85938813.07
Maryland,2023-06-01,42989830.93
Michigan,2023-04-01,247771858.91
New Mexico,2022-11-01,39046585.19
Saskatchewan,2023-01-01,8964611.82
Maine,2025-01-01,40671450.88
Mississippi,2023-06-01,5999452.52
Mississippi,2023-02-01,4693617.27
West Virginia,2024-12-01,9456483.49
New Hampshire,2023-09-01,725453.83
New Brunswick,2025-12-01,1942724.02
West Virginia,2025-04-01,8055087.16
West Virginia,2023-09-01,6020812.76
Virginia,2025-03-01,15954701.85
West Virginia,2025-08-01,8010308.76
Utah,2024-10-01,14257827.68
New Hampshire,2024-05-01,880314.67
Utah,2025-11-01,15452176.32
New Hampshire,2025-05-01,839041.19
Georgia,2025-12-01,845594.71
Iowa,2024-04-01,1127899.39
Hawaii,2023-12-01,3259679.83
Nunavut,2023-03-01,830395.02
Hawaii,2024-07-01,3123777.63
New Hampshire,2024-08-01,884888.55
Georgia,2024-10-01,758495.35
New Hampshire,2024-03-01,759182.52
Nunavut,2023-10-01,783546.21
North Carolina,2024-08-01,731982.61
South Carolina,2023-04-01,0.00
Washington,2024-07-01,83046298.45
Pennsylvania,2023-05-01,87566125.40
Ontario,2022-12-01,177066436.40
California,2025-05-01,348147214.91
New Mexico,2024-10-01,49235583.39
California,2023-07-01,377091152.24
California,2022-12-01,387950650.40
Ontario,2023-05-01,179843438.63
British Columbia,2024-03-01,67393849.66
Ontario,2022-10-01,171986320.66
Oregon,2024-11-01,80331780.44
Florida,2023-06-01,138483401.98
Maryland,2026-03-01,103260948.63
Missouri,2024-02-01,114792797.28
New York,2026-02-01,136871982.35
Arizona,2026-02-01,90834929.48
Ontario,2026-03-01,177014332.89
Maryland,2025-10-01,101253862.91
Arizona,2025-08-01,95414244.91
Maine,2025-12-01,38643930.02
New York,2023-09-01,25017617.88
Arizona,2022-10-01,100818088.34
Ohio,2025-02-01,78529069.14
British Columbia,2022-09-01,54076601.34
British Columbia,2024-04-01,58592900.64
Massachusetts,2022-12-01,156975856.68
New York,2022-12-01,19137778.14
Minnesota,2025-10-01,22355758.33
Mississippi,2023-09-01,6345306.08
Utah,2023-06-01,7515210.98
Illinois,2025-05-01,138059170.15
British Columbia,2023-02-01,52651626.11
Missouri,2025-01-01,123978804.16
Minnesota,2025-03-01,18697256.37
Manitoba,2023-07-01,13497986.81
Maine,2024-03-01,42977335.37
Montana,2024-05-01,27749831.20
Mississippi,2024-08-01,10682485.82
Missouri,2022-12-01,41680895.79
Alaska,2025-09-01,18197172.24
Louisiana,2026-01-01,18879702.97
Louisiana,2023-05-01,9770431.64
Nevada,2023-01-01,68179921.68
Saskatchewan,2025-01-01,9997138.21
Arkansas,2024-10-01,23577838.79
North Dakota,2025-10-01,1787095.65
Delaware,2026-02-01,5296581.87
Minnesota,2024-12-01,16427087.57
Hawaii,2024-01-01,2978813.01
District of Columbia,2025-03-01,5545363.22
Hawaii,2024-08-01,3079339.57
Delaware,2024-09-01,2772322.23
Hawaii,2024-10-01,3251589.29
Nova Scotia,2023-06-01,1594285.86
Louisiana,2025-09-01,14237482.52
Hawaii,2025-04-01,2923712.88
Nova Scotia,2024-02-01,611057.52
New Brunswick,2023-07-01,1158766.59
Nova Scotia,2023-11-01,1925251.39
Newfoundland and Labrador,2025-06-01,7933887.82
Utah,2024-11-01,15596455.48
Louisiana,2023-09-01,6306009.51
Nova Scotia,2022-12-01,1554759.36
District of Columbia,2023-09-01,3776988.19
New Hampshire,2024-01-01,750733.91
Iowa,2024-12-01,1169789.88
Nunavut,2025-10-01,684327.85
Nunavut,2024-12-01,1407323.41
North Carolina,2025-02-01,4096169.01
North Carolina,2026-02-01,4457482.45
Florida,2022-09-01,131204600.39
Oregon,2023-12-01,83878995.74
Ontario,2023-08-01,198159573.70
Arkansas,2025-07-01,24324173.69
Michigan,2026-01-01,228163870.86
Washington,2023-02-01,69035840.10
California,2024-09-01,332760599.06
Colorado,2025-05-01,114622259.54
Ontario,2025-05-01,192274214.31
Illinois,2026-03-01,129678506.29
Michigan,2024-01-01,244214348.18
Pennsylvania,2026-03-01,94553414.92
Montana,2026-02-01,25551553.22
New York,2025-07-01,154191912.29
California,2023-03-01,397498274.22
New Jersey,2025-10-01,100072701.53
Massachusetts,2022-10-01,150737226.59
Alberta,2025-02-01,52890716.02
Puerto Rico,2024-12-01,24444782.58
New York,2025-05-01,154105328.03
Puerto Rico,2023-07-01,75857291.14
New York,2024-02-01,42461713.28
Saskatchewan,2023-10-01,12587613.13
South Dakota,2025-11-01,5781909.89
Delaware,2023-02-01,3379977.71
Louisiana,2022-09-01,511868.85
West Virginia,2023-01-01,4014726.07
Mississippi,2025-07-01,19027099.25
New York,2024-03-01,50998864.71
Nevada,2023-12-01,71856158.38
Maryland,2024-06-01,95662536.76
Vermont,2023-10-01,10506513.66
Montana,2025-07-01,29985118.56
Mississippi,2023-05-01,6364394.71
Delaware,2023-07-01,3643042.39
Montana,2022-09-01,27795224.07
Massachusetts,2025-04-01,151698891.21
Nevada,2025-05-01,68680230.93
Louisiana,2025-08-01,13738507.15
Hawaii,2025-03-01,2962090.18
Utah,2025-02-01,13845088.89
Arkansas,2025-06-01,23265595.86
District of Columbia,2023-12-01,3945684.18
Louisiana,2025-12-01,18107648.41
Texas,2023-06-01,808748.71
Delaware,2022-09-01,2605169.88
Utah,2022-12-01,6463704.93
Hawaii,2023-11-01,3347947.40
Delaware,2024-05-01,2616052.89
District of Columbia,2022-09-01,4714686.89
Texas,2023-10-01,811678.34
Louisiana,2023-04-01,6180194.34
New Hampshire,2024-12-01,870224.54
Georgia,2023-11-01,813007.27
Yukon,2024-04-01,579684.84
Georgia,2024-02-01,769492.01
Yukon,2025-08-01,629702.74
Texas,2024-12-01,237328.44
Rhode Island,2025-03-01,7683384.09
Northern Mariana Islands,2023-07-01,0.00
North Carolina,2025-06-01,4255371.52
Florida,2025-03-01,173881178.68
Florida,2025-01-01,170148069.97
Illinois,2023-06-01,134286294.93
Oklahoma,2024-05-01,134499178.53
California,2026-01-01,331999553.51
California,2025-09-01,318814337.03
California,2023-08-01,372089751.15
New Jersey,2024-09-01,89904149.45
Illinois,2022-10-01,129484135.02
Maryland,2026-02-01,93158702.42
British Columbia,2024-02-01,65756077.49
Alberta,2022-10-01,73496030.50
Illinois,2024-06-01,137273145.69
Pennsylvania,2024-04-01,96045373.64
Maine,2024-04-01,41749104.29
Montana,2023-12-01,27882130.20
Massachusetts,2024-12-01,157212307.85
Arizona,2023-02-01,115243976.84
California,2025-03-01,347440050.37
Ontario,2023-04-01,175880520.18
Massachusetts,2023-07-01,157066675.73
British Columbia,2023-12-01,68967504.10
Illinois,2024-04-01,138811939.71
Maine,2025-09-01,40489224.51
Alberta,2024-12-01,65590589.65
Massachusetts,2023-12-01,161232089.53
Maine,2025-07-01,43598811.65
Alaska,2022-12-01,17776043.97
Illinois,2023-08-01,137127192.74
Manitoba,2024-07-01,11643260.40
Rhode Island,2023-05-01,5485181.35
Louisiana,2025-01-01,13707367.15
Oklahoma,2024-09-01,129908906.49
Alberta,2025-08-01,56914325.98
Oklahoma,2025-09-01,105386989.78
Illinois,2022-12-01,141209382.83
New York,2024-08-01,98114510.35
Alberta,2023-08-01,71289746.87
Ohio,2025-01-01,81493766.70
Pennsylvania,2024-02-01,89729108.17
Missouri,2022-09-01,38854221.80
Newfoundland and Labrador,2024-07-01,6571996.77
Ohio,2024-04-01,42024638.43
Newfoundland and Labrador,2024-10-01,6955423.65
Manitoba,2022-09-01,12316269.63
Alaska,2025-11-01,16969186.81
Connecticut,2025-07-01,24477594.01
Virginia,2024-07-01,15274172.69
Vermont,2023-01-01,6168428.53
Nova Scotia,2024-12-01,2517866.69
Minnesota,2024-07-01,14541886.20
Minnesota,2025-01-01,16500818.65
Delaware,2023-09-01,3146190.66
Minnesota,2024-01-01,12670108.19
Louisiana,2026-03-01,19372843.80
New Brunswick,2025-02-01,1778051.34
District of Columbia,2024-12-01,4354885.10
Nova Scotia,2022-11-01,1427720.46
Utah,2023-02-01,6318447.10
Nova Scotia,2023-07-01,1677330.99
New Brunswick,2023-08-01,1264759.02
Mississippi,2022-12-01,2730589.81
New Hampshire,2025-06-01,776163.70
Texas,2023-01-01,738541.55
Rhode Island,2023-09-01,6553820.73
District of Columbia,2023-11-01,3772544.78
Kentucky,2026-01-01,331734.89
Texas,2025-03-01,261536.77
Iowa,2026-03-01,1192395.34
Iowa,2022-11-01,1069253.70
North Dakota,2024-10-01,1569029.63
Iowa,2025-06-01,1142860.20
North Dakota,2023-11-01,1490666.02
North Carolina,2025-01-01,3630247.02
Northern Mariana Islands,2023-02-01,0.00
Nunavut,2026-01-01,463088.99
Florida,2023-03-01,130299239.81
Florida,2023-12-01,161310462.69
Washington,2025-07-01,95055846.98
Michigan,2023-03-01,251424271.43
Massachusetts,2024-11-01,153680067.92
New York,2025-08-01,157224317.17
Manitoba,2023-10-01,17270411.44
Missouri,2024-05-01,124958343.94
Oregon,2026-03-01,77727814.49
Ontario,2025-03-01,180247091.63
Colorado,2025-02-01,103602068.48
Oklahoma,2024-12-01,127918622.67
British Columbia,2022-10-01,55847920.34
Arizona,2025-03-01,109747742.87
Montana,2023-04-01,26581518.37
California,2025-02-01,311545257.09
Saskatchewan,2024-10-01,10283004.54
Missouri,2024-10-01,124498876.62
New Jersey,2024-10-01,96011458.85
Colorado,2023-06-01,132648423.46
Puerto Rico,2024-03-01,45366219.95
Manitoba,2023-11-01,16363173.52
Alaska,2022-11-01,17611037.21
Minnesota,2023-01-01,4363053.56
Connecticut,2024-02-01,23869827.03
Newfoundland and Labrador,2024-09-01,6401549.03
Newfoundland and Labrador,2023-10-01,6986835.69
South Dakota,2025-01-01,6029935.58
Michigan,2026-02-01,235816806.76
Alberta,2025-11-01,53417561.49
British Columbia,2023-11-01,66755174.98
Missouri,2023-10-01,114008461.19
Colorado,2025-01-01,111081981.49
New Mexico,2023-09-01,47657829.43
Montana,2024-09-01,28623943.20
Pennsylvania,2025-01-01,92953188.14
Minnesota,2025-09-01,21988906.41
Oklahoma,2023-10-01,138690369.70
Maine,2022-11-01,25843674.04
Alaska,2026-03-01,15509573.33
Pennsylvania,2022-09-01,61112828.87
Arkansas,2022-09-01,24004144.15
Arizona,2025-11-01,95387111.20
New York,2023-08-01,24662372.52
Virginia,2023-10-01,12912941.18
Minnesota,2025-02-01,16402186.67
Utah,2024-05-01,14373203.01
Virginia,2023-05-01,12114092.26
Louisiana,2023-12-01,7684407.03
Nova Scotia,2024-05-01,933974.67
Hawaii,2022-12-01,2842850.57
Mississippi,2022-11-01,1896012.24
New Brunswick,2022-11-01,2503872.60
New Brunswick,2023-12-01,1152904.92
Utah,2023-09-01,11217599.25
North Dakota,2025-04-01,1499987.80
New Hampshire,2025-09-01,790682.95
Minnesota,2022-09-01,5688800.35
Arkansas,2023-11-01,24810987.57
Georgia,2025-11-01,681571.15
Georgia,2024-05-01,788741.54
Nova Scotia,2023-05-01,1552698.95
Iowa,2023-08-01,1247605.22
Texas,2023-12-01,307981.79
Yukon,2025-01-01,586401.90
Nunavut,2024-01-01,741796.35
Nunavut,2023-11-01,931875.40
North Carolina,2024-12-01,4182679.94
Florida,2023-11-01,158068964.97
Maryland,2023-12-01,97223080.03
Massachusetts,2025-05-01,157667829.95
Alaska,2025-03-01,18400089.47
Washington,2024-01-01,85074408.48
Oregon,2024-06-01,82340561.10
Washington,2024-12-01,96166623.50
California,2023-11-01,359555717.05
California,2025-04-01,344310025.28
Ohio,2023-06-01,41949640.32
New Jersey,2026-01-01,103037703.76
Pennsylvania,2024-08-01,94403909.66
Maryland,2024-02-01,89717798.46
Washington,2024-05-01,88453104.53
Ohio,2025-09-01,88580494.97
Michigan,2026-03-01,262324315.62
Maryland,2024-12-01,99612482.11
Colorado,2024-12-01,116020905.58
Ohio,2025-11-01,94605537.86
Alberta,2025-07-01,55252583.40
Maine,2023-03-01,41406831.06
Arizona,2023-05-01,118378829.81
Pennsylvania,2024-03-01,94176882.71
Alberta,2023-11-01,87123859.01
Oregon,2025-01-01,78196577.85
New Mexico,2024-07-01,50737886.93
Illinois,2025-10-01,128524785.67
Alaska,2023-09-01,18755497.05
New Jersey,2025-02-01,89185637.73
Alberta,2024-06-01,59819222.02
Alaska,2023-02-01,16969873.82
Nevada,2025-06-01,64547468.78
Minnesota,2026-02-01,22530623.14
Virginia,2024-11-01,15897630.88
West Virginia,2023-12-01,6907479.07
Virginia,2023-12-01,14411510.64
Saskatchewan,2024-06-01,8591320.50
Minnesota,2023-05-01,5875142.64
Alaska,2025-12-01,17342070.73
Maine,2023-05-01,42711081.96
Massachusetts,2026-01-01,149017382.70
Montana,2022-10-01,26952830.84
Arizona,2026-01-01,96576972.47
Manitoba,2024-12-01,11242577.95
Nevada,2024-12-01,66635681.26
Missouri,2023-08-01,119944728.15
Saskatchewan,2024-03-01,10033813.81
Nevada,2024-02-01,68613027.69
Saskatchewan,2023-02-01,8070157.63
New Jersey,2023-04-01,53728585.91
New Brunswick,2023-05-01,2724161.51
Vermont,2025-06-01,12261549.02
New Jersey,2024-02-01,76965584.12
Mississippi,2026-03-01,15263469.23
South Dakota,2024-11-01,5739218.83
Rhode Island,2023-04-01,5440129.59
Texas,2025-11-01,406271.45
Utah,2024-02-01,13067923.65
Connecticut,2025-09-01,23682451.60
Hawaii,2022-11-01,2932235.12
Utah,2026-01-01,16938655.71
Texas,2024-07-01,216478.93
Louisiana,2023-11-01,7276972.98
Delaware,2025-02-01,2131338.55
District of Columbia,2024-03-01,4131994.21
North Dakota,2023-04-01,1247743.41
Delaware,2023-10-01,3154896.39
North Dakota,2022-11-01,1364221.60
Rhode Island,2024-06-01,7524498.36
Yukon,2024-01-01,661150.62
Iowa,2026-01-01,1135474.42
North Dakota,2024-06-01,1434908.25
South Carolina,2023-11-01,0.00
Northern Mariana Islands,2023-08-01,0.00
Northern Mariana Islands,2023-03-01,0.00
North Carolina,2025-08-01,4772570.54
Delaware,2023-12-01,2970279.78
Florida,2024-01-01,158612634.57
Oregon,2024-05-01,83897709.03
California,2025-06-01,332288151.00
Oregon,2022-12-01,81215629.36
Michigan,2024-03-01,290558697.29
Maryland,2025-01-01,95161386.30
California,2023-01-01,374523058.45
Illinois,2023-09-01,139090466.78
New Mexico,2024-01-01,46932193.76
Ontario,2024-05-01,192242955.07
Missouri,2025-10-01,128720461.55
Oregon,2025-03-01,80292908.92
Oklahoma,2026-03-01,101796893.16
New Mexico,2023-10-01,47088124.49
Saskatchewan,2025-02-01,8177035.89
Oklahoma,2022-11-01,146432708.76
Ohio,2025-10-01,94567363.37
Pennsylvania,2025-04-01,95597935.95
Arkansas,2025-04-01,25000883.89
New Mexico,2025-04-01,49424449.95
Nevada,2024-08-01,70754268.77
Arizona,2023-03-01,128656490.96
Massachusetts,2025-12-01,157300008.83
Colorado,2022-12-01,148527291.14
Oregon,2022-09-01,81074187.87
British Columbia,2024-11-01,60790848.65
Montana,2025-01-01,26479146.25
Mississippi,2026-01-01,16011889.65
Arizona,2023-01-01,116539549.23
Arkansas,2025-11-01,25210061.00
Ohio,2023-09-01,44602681.79
Puerto Rico,2023-11-01,56250746.21
Louisiana,2026-02-01,18422819.79
Puerto Rico,2025-12-01,10533311.85
New Brunswick,2024-03-01,1562451.03
Pennsylvania,2024-06-01,92758497.44
Illinois,2025-09-01,119674257.25
Oregon,2023-03-01,84986220.92
Missouri,2023-11-01,114061942.83
Arizona,2024-05-01,116581710.47
New Mexico,2023-11-01,47053818.41
Ohio,2025-08-01,92171101.22
Connecticut,2024-01-01,25185733.68
Maryland,2025-02-01,88707672.43
Montana,2023-11-01,27831757.78
Pennsylvania,2025-08-01,93642413.00
Vermont,2025-07-01,13457977.51
Manitoba,2026-01-01,10283935.76
South Dakota,2024-05-01,5183389.65
Newfoundland and Labrador,2025-03-01,7933354.57
Mississippi,2023-07-01,6586369.49
Vermont,2024-07-01,12614048.99
Connecticut,2024-08-01,25843811.66
North Dakota,2025-03-01,1563204.73
West Virginia,2026-01-01,7806675.00
Georgia,2023-08-01,574754.40
Maryland,2023-10-01,90616774.02
New Jersey,2023-10-01,66749637.69
Saskatchewan,2025-09-01,7702999.41
Delaware,2023-08-01,3386075.20
New Brunswick,2025-03-01,1987332.84
Virginia,2024-04-01,14520657.48
Delaware,2022-10-01,3095298.37
Newfoundland and Labrador,2023-01-01,5207709.22
New Brunswick,2023-03-01,2738704.90
Utah,2025-06-01,14280525.37
Louisiana,2023-01-01,3902904.54
Yukon,2023-10-01,920197.72
Rhode Island,2023-06-01,5784768.83
Delaware,2024-04-01,2847578.57
New Hampshire,2024-11-01,929616.73
Nunavut,2023-08-01,672663.72
Iowa,2023-02-01,1176264.12
New Hampshire,2023-03-01,1047157.12
Nunavut,2023-12-01,784117.02
South Carolina,2023-01-01,0.00
Florida,2025-05-01,177710746.68
Ontario,2024-10-01,194278266.63
California,2025-10-01,339220392.05
Oregon,2023-06-01,82321130.70
Oregon,2026-02-01,70888351.64
Michigan,2022-09-01,213518498.67
Ontario,2024-09-01,190306495.58
Illinois,2023-11-01,140990756.91
California,2024-11-01,348735938.67
Oklahoma,2024-02-01,131321391.21
Missouri,2024-03-01,126061274.32
South Dakota,2025-08-01,6506702.34
Montana,2024-03-01,27582985.35
New Mexico,2023-01-01,40620435.14
Missouri,2025-02-01,117254389.33
Nevada,2025-01-01,65395852.30
Vermont,2025-04-01,12319830.70
Vermont,2024-02-01,10873167.51
Puerto Rico,2026-02-01,9345174.65
Newfoundland and Labrador,2025-11-01,7568641.90
Pennsylvania,2023-06-01,87836747.92
Maryland,2024-05-01,97506340.27
New Jersey,2023-09-01,63118077.29
Alaska,2025-07-01,18573059.23
Newfoundland and Labrador,2024-04-01,6021052.33
Mississippi,2025-04-01,14331263.95
South Dakota,2024-08-01,5702322.29
South Dakota,2024-06-01,5054910.33
Puerto Rico,2025-05-01,11976948.33
New Jersey,2022-11-01,43695044.45
Maine,2025-11-01,37949031.76
Vermont,2023-02-01,6746761.80
Mississippi,2023-04-01,5828999.53
Saskatchewan,2023-07-01,9985408.99
Oklahoma,2023-02-01,127447046.84
Ohio,2024-12-01,84552289.12
Arizona,2024-04-01,117870813.04
Louisiana,2025-06-01,16359753.12
Maine,2024-10-01,42530884.59
Alaska,2024-08-01,20360177.78
Arkansas,2023-07-01,23632457.01
Louisiana,2024-08-01,10334256.63
Maine,2025-08-01,44242036.84
Maine,2022-10-01,24106196.90
Arkansas,2024-06-01,21849933.22
Rhode Island,2025-11-01,8541953.35
Virginia,2023-07-01,12896287.85
Nova Scotia,2026-02-01,3405802.37
New Brunswick,2026-01-01,1830075.80
Utah,2025-04-01,15332977.60
Newfoundland and Labrador,2022-12-01,5639511.15
Delaware,2024-03-01,2781400.29
Utah,2024-04-01,13924692.10
New Jersey,2022-12-01,45739477.41
Virginia,2023-06-01,12601278.22
Iowa,2023-05-01,1146391.79
South Dakota,2022-10-01,2926747.80
Hawaii,2023-07-01,3101592.74
Delaware,2025-01-01,2398487.16
Iowa,2022-09-01,530924.48
Yukon,2022-11-01,965931.43
Georgia,2024-11-01,763563.26
Yukon,2025-04-01,628760.51
Nunavut,2024-05-01,801100.97
British Columbia,2022-11-01,52251142.01
Alberta,2022-12-01,68027346.70
Alberta,2024-09-01,58712378.60
Washington,2025-11-01,92588064.10
Arizona,2022-09-01,98702450.61
Washington,2025-09-01,93144589.10
California,2022-11-01,362486624.63
New York,2025-04-01,146598862.50
Alberta,2024-07-01,62113833.40
Manitoba,2025-03-01,9542717.78
Colorado,2022-11-01,138866401.34
New Jersey,2022-10-01,39672945.08
Massachusetts,2024-07-01,160934234.95
Nevada,2025-12-01,64592200.41
Michigan,2022-12-01,223323512.49
Alberta,2025-06-01,55198845.42
Pennsylvania,2024-07-01,91713102.43
Maryland,2023-09-01,91370732.75
New Mexico,2024-05-01,51994848.15
British Columbia,2024-06-01,58557335.87
New Jersey,2025-08-01,101469712.47
Ontario,2024-02-01,230264340.22
Maryland,2024-01-01,88636003.84
Alberta,2024-04-01,65701415.20
Manitoba,2023-12-01,17182775.90
Alberta,2026-03-01,54786761.45
Vermont,2023-04-01,8137791.07
Vermont,2023-07-01,10437904.75
Maryland,2022-11-01,39645610.24
Oklahoma,2023-11-01,144213658.94
Nevada,2025-04-01,67543091.89
Connecticut,2023-12-01,27754649.45
Connecticut,2025-08-01,24874705.73
Vermont,2024-10-01,12148146.72
District of Columbia,2026-01-01,6730490.98
New Brunswick,2023-06-01,2022484.35
New Jersey,2024-08-01,98145994.75
Connecticut,2025-05-01,25502253.99
West Virginia,2023-04-01,4984832.54
Arkansas,2023-08-01,24645253.70
Arkansas,2022-11-01,23308751.91
Minnesota,2023-10-01,6171490.82
Louisiana,2024-07-01,10133095.99
Minnesota,2024-10-01,14816218.52
Utah,2025-01-01,14848852.40
New Brunswick,2023-02-01,2435535.42
Nova Scotia,2024-03-01,875311.33
South Dakota,2026-02-01,5603103.23
Connecticut,2024-05-01,24906468.66
Delaware,2024-07-01,2664282.76
North Dakota,2023-01-01,1286528.80
Rhode Island,2024-11-01,7723324.59
Iowa,2025-08-01,1242045.18
Hawaii,2022-09-01,3363647.82
Delaware,2024-02-01,2710621.62
New Brunswick,2026-02-01,1652050.51
New Brunswick,2023-10-01,1088590.32
North Dakota,2024-11-01,1485426.97
Rhode Island,2023-11-01,6802802.39
Delaware,2023-11-01,3100956.46
Iowa,2025-03-01,1187968.51
Georgia,2025-08-01,833138.41
New Hampshire,2023-02-01,915786.28
Iowa,2024-09-01,1076981.05
Rhode Island,2025-04-01,8129035.66
Texas,2022-11-01,717237.76
Georgia,2023-09-01,617531.00
South Carolina,2024-05-01,0.00
Kentucky,2025-12-01,50321.63
Quebec,2023-12-01,0.00
Florida,2023-07-01,140471264.81
Oklahoma,2025-01-01,123167448.51
California,2026-03-01,340712811.03
California,2024-04-01,368372747.17
Colorado,2023-04-01,133482150.47
Oregon,2023-05-01,81331922.34
Ontario,2025-09-01,188599332.40
Michigan,2023-08-01,277957861.17
Oregon,2024-01-01,77595880.65
Arizona,2024-02-01,115119786.20
New Jersey,2024-11-01,99417783.59
Arkansas,2024-11-01,24148266.33
British Columbia,2023-06-01,59225044.04
Michigan,2025-12-01,271460894.47
Nevada,2024-09-01,66917075.34
Arizona,2025-12-01,98620181.87
New York,2025-09-01,154046192.53
Oklahoma,2022-10-01,156181306.72
Arizona,2025-07-01,96553474.24
Arizona,2024-03-01,121767111.38
Illinois,2024-12-01,140059121.96
Oklahoma,2024-01-01,138975915.60
Vermont,2025-08-01,13782999.52
Maryland,2025-05-01,103648529.63
British Columbia,2025-10-01,61817847.92
Pennsylvania,2025-09-01,87853731.47
Michigan,2025-02-01,243588086.57
Massachusetts,2025-09-01,149481406.38
British Columbia,2025-09-01,61002034.30
Arizona,2024-07-01,99346200.07
Montana,2025-06-01,28413952.62
Manitoba,2025-01-01,10094974.72
Saskatchewan,2022-09-01,9055789.87
Puerto Rico,2024-04-01,39523065.63
District of Columbia,2023-05-01,4833615.28
Pennsylvania,2023-02-01,79040068.63
Montana,2023-01-01,25832542.99
Saskatchewan,2024-02-01,10330214.77
South Dakota,2023-12-01,5242962.43
Mississippi,2023-08-01,6789213.43
British Columbia,2025-03-01,58883850.30
Colorado,2025-12-01,111147025.83
New York,2024-05-01,66370825.00
Ohio,2023-11-01,45804346.95
Missouri,2025-06-01,126158505.53
Alaska,2024-10-01,19658942.32
Illinois,2025-08-01,131181790.86
Washington,2025-08-01,98452207.91
Missouri,2025-07-01,130778233.78
Pennsylvania,2023-11-01,92201942.91
Puerto Rico,2025-03-01,11231318.41
Maine,2022-09-01,28009958.33
Puerto Rico,2026-01-01,10121013.12
Montana,2025-05-01,27917053.44
Connecticut,2024-09-01,23627038.33
Mississippi,2024-07-01,9868033.24
Arkansas,2023-04-01,23533639.76
District of Columbia,2025-05-01,6220097.76
Arkansas,2024-09-01,21970026.25
Virginia,2025-07-01,16119261.33
Virginia,2024-12-01,16647506.57
Saskatchewan,2024-12-01,10937603.22
Virginia,2023-02-01,9541839.88
Minnesota,2025-05-01,20675431.04
West Virginia,2024-01-01,6712562.02
New Hampshire,2024-07-01,866163.92
Minnesota,2022-10-01,5352480.49
Louisiana,2024-06-01,9319827.28
South Dakota,2023-01-01,3235941.20
Yukon,2024-08-01,614463.56
Delaware,2022-11-01,3134466.18
Virginia,2024-05-01,14928740.88
Nova Scotia,2025-06-01,3162120.09
Rhode Island,2025-10-01,8878936.57
North Dakota,2023-02-01,1212586.53
North Dakota,2022-12-01,1449945.84
Georgia,2026-02-01,468601.24
Delaware,2023-05-01,3889216.40
Iowa,2023-11-01,1231206.16
Georgia,2024-12-01,779789.89
Iowa,2023-03-01,1267972.79
Iowa,2024-08-01,1158832.97
Nunavut,2024-11-01,1323013.24
Nunavut,2023-05-01,617670.02
Northern Mariana Islands,2023-04-01,0.00
North Carolina,2025-05-01,4352978.62
South Carolina,2024-01-01,0.00
Nunavut,2024-08-01,1086301.54
Florida,2024-02-01,146932176.81
Washington,2025-12-01,95941207.35
Oklahoma,2023-09-01,131040813.15
Michigan,2023-09-01,276397240.19
Ontario,2023-07-01,193360342.13
Pennsylvania,2023-07-01,88334933.17
New York,2026-03-01,150239448.89
Maine,2025-10-01,41055585.76
Illinois,2023-10-01,142516775.85
Oklahoma,2025-06-01,130906202.68
Michigan,2025-09-01,252646393.40
Michigan,2023-05-01,247572676.50
Maine,2023-09-01,44694806.32
California,2024-07-01,352515917.75
Colorado,2024-08-01,124623419.35
Nevada,2022-09-01,60618792.18
Maryland,2025-04-01,98246181.43
Oregon,2023-09-01,82289181.67
Alberta,2025-04-01,59035242.23
Connecticut,2023-02-01,18823891.15
Vermont,2026-01-01,12336157.31
Alberta,2024-03-01,81695094.67
Massachusetts,2024-03-01,155829552.95
Saskatchewan,2024-08-01,9700511.76
Puerto Rico,2022-10-01,13650136.91
Pennsylvania,2024-12-01,95305400.46
Montana,2025-12-01,28172925.72
Maine,2025-04-01,40897632.95
Ohio,2023-01-01,41620419.21
Alaska,2025-08-01,17741497.76
Manitoba,2024-09-01,11177028.12
New York,2023-06-01,18179934.42
New Jersey,2023-03-01,47216132.81
West Virginia,2023-07-01,5740021.39
Nova Scotia,2023-08-01,1720593.62
Michigan,2025-05-01,274359880.56
Washington,2023-06-01,76958487.90
Montana,2025-04-01,26678969.86
Manitoba,2024-06-01,11059501.15
Michigan,2024-02-01,262683426.25
British Columbia,2026-01-01,61127457.22
Missouri,2023-09-01,118684566.70
Virginia,2025-09-01,14535390.20
Montana,2023-10-01,29146019.90
Maine,2023-04-01,39612021.94
Louisiana,2023-06-01,9481667.22
South Dakota,2023-06-01,3616906.71
Manitoba,2025-06-01,10167319.35
Texas,2022-12-01,812993.98
Arkansas,2023-09-01,22535306.09
Saskatchewan,2024-11-01,10776645.65
Vermont,2025-09-01,12577285.23
South Dakota,2023-05-01,3682494.94
Texas,2023-04-01,784103.33
Mississippi,2023-01-01,4714622.86
Louisiana,2022-12-01,2836576.92
Utah,2024-03-01,13659927.77
New Hampshire,2025-11-01,859841.52
Nova Scotia,2025-08-01,4770009.58
New Brunswick,2025-04-01,1957170.71
Delaware,2023-01-01,3208955.05
Georgia,2025-01-01,730607.16
North Dakota,2022-10-01,1277711.95
Iowa,2025-09-01,1191312.70
Yukon,2026-03-01,584339.37
South Dakota,2022-09-01,1924266.70
New Hampshire,2023-05-01,930153.39
Nunavut,2024-06-01,839608.79
South Carolina,2024-06-01,0.00
Florida,2024-08-01,167677952.25
Oregon,2023-04-01,84207432.79
Washington,2025-05-01,98109036.83
Ontario,2022-09-01,182408601.83
Montana,2024-06-01,27473763.10
Illinois,2024-02-01,126153980.77
California,2024-05-01,367043445.76
Ontario,2025-02-01,167084838.45
Oklahoma,2023-05-01,129501553.41
Mississippi,2025-10-01,17620091.78
Saskatchewan,2025-10-01,7888050.01
New York,2024-07-01,92103715.05
Oregon,2022-11-01,80921382.73
Alberta,2023-09-01,69789884.22
New Mexico,2025-01-01,44901373.98
Pennsylvania,2024-10-01,92402682.62
Illinois,2023-05-01,133268632.95
British Columbia,2023-03-01,58752133.35
New Mexico,2023-07-01,48470171.76
Alaska,2025-04-01,17900770.86
Mississippi,2024-04-01,9721235.14
Saskatchewan,2023-08-01,9948736.36
Ohio,2023-02-01,39289136.43
South Dakota,2024-07-01,5341303.94
Minnesota,2024-04-01,13608371.62
Newfoundland and Labrador,2023-08-01,6322406.45
Nova Scotia,2022-09-01,1546372.05
Arizona,2023-11-01,113131279.42
Colorado,2026-01-01,106409670.03
Manitoba,2026-02-01,9020713.95
Nevada,2023-05-01,71405489.66
Ohio,2023-08-01,42801476.52
Maine,2024-01-01,39519734.15
Montana,2024-01-01,26146513.13
Manitoba,2025-10-01,11144878.86
Louisiana,2024-01-01,7615578.03
Massachusetts,2023-11-01,147829895.67
Oklahoma,2023-12-01,142820657.33
Maine,2024-05-01,44170312.40
Alaska,2024-01-01,17383938.31
Maryland,2023-07-01,88148103.45
Minnesota,2022-12-01,3950474.72
Minnesota,2024-08-01,15111036.86
Virginia,2024-10-01,15128641.00
Newfoundland and Labrador,2023-02-01,4918237.59
Newfoundland and Labrador,2022-09-01,5044526.98
New Brunswick,2024-09-01,1779781.64
New Brunswick,2024-04-01,1505276.92
Connecticut,2023-03-01,22462483.91
Newfoundland and Labrador,2025-05-01,7597703.61
District of Columbia,2023-07-01,4229577.50
Delaware,2023-06-01,3889861.44
Connecticut,2023-08-01,25119000.08
Rhode Island,2026-02-01,9724925.99
Georgia,2025-04-01,772614.65
Texas,2024-03-01,225238.99
New Brunswick,2023-04-01,2676615.69
Rhode Island,2023-08-01,6757630.36
Rhode Island,2024-05-01,7863840.85
Yukon,2022-10-01,994823.95
Nunavut,2022-12-01,669111.12
Georgia,2025-02-01,691413.79
Quebec,2023-10-01,0.00
South Carolina,2023-06-01,0.00
Nunavut,2023-06-01,626810.51
Northern Mariana Islands,2023-09-01,0.00
Northern Mariana Islands,2023-10-01,0.00
New Mexico,2024-08-01,51792703.60
Ontario,2023-11-01,234173544.31
Oklahoma,2025-07-01,112378706.45
British Columbia,2026-02-01,55679998.16
Ontario,2024-01-01,228469674.67
Oregon,2024-09-01,80317789.07
Mississippi,2025-01-01,12508888.27
Oregon,2025-08-01,82408004.05
Pennsylvania,2024-09-01,90622872.70
New Mexico,2024-02-01,48740823.07
Ontario,2024-04-01,191230352.74
Montana,2025-02-01,24459229.33
Nevada,2023-11-01,70483851.12
Puerto Rico,2025-08-01,11966561.75
Ohio,2026-02-01,96006664.63
Montana,2025-10-01,28935705.90
West Virginia,2023-10-01,6279160.42
Puerto Rico,2024-08-01,37051632.69
Puerto Rico,2022-11-01,17497148.48
Vermont,2024-01-01,10636171.17
New Brunswick,2024-12-01,1921045.95
Nevada,2024-04-01,73437536.71
British Columbia,2025-06-01,59924615.50
Nevada,2022-10-01,69693889.93
New Mexico,2023-05-01,46218788.41
Puerto Rico,2023-03-01,21728853.13
Mississippi,2024-10-01,11155752.61
Manitoba,2023-06-01,12950304.53
British Columbia,2025-07-01,64472344.87
Manitoba,2023-08-01,13913447.49
West Virginia,2025-07-01,8046688.18
New Hampshire,2022-10-01,1004089.02
District of Columbia,2024-09-01,3630978.31
New Hampshire,2025-07-01,870756.71
Utah,2024-07-01,13653892.34
South Dakota,2025-05-01,6413080.92
District of Columbia,2025-06-01,5820155.04
New Hampshire,2022-12-01,957439.60
Nova Scotia,2025-09-01,6143767.08
North Dakota,2023-07-01,1213038.71
Hawaii,2024-03-01,3107947.55
Rhode Island,2025-08-01,8908711.27
Nova Scotia,2023-04-01,1525792.02
Delaware,2023-03-01,3482741.83
Rhode Island,2025-12-01,9402433.24
Utah,2026-02-01,14794302.87
North Dakota,2024-09-01,1438122.37
Rhode Island,2024-03-01,7515475.98
Yukon,2024-03-01,615389.47
North Dakota,2023-09-01,1420048.33
Nunavut,2025-01-01,1386861.12
Northern Mariana Islands,2022-12-01,0.00
South Carolina,2023-02-01,0.00
Northern Mariana Islands,2023-06-01,0.00
Florida,2022-10-01,132507585.48
Florida,2023-04-01,140532773.09
Florida,2024-09-01,168950421.98
Missouri,2025-05-01,134047541.46
Pennsylvania,2023-04-01,86389254.38
Florida,2024-05-01,162709534.11
Washington,2023-10-01,82524711.03
Colorado,2023-02-01,126356238.85
Oklahoma,2025-03-01,120852266.78
Illinois,2022-11-01,129674550.62
Oregon,2024-04-01,83573355.23
Maine,2022-12-01,25069767.32
Alberta,2026-02-01,49235833.72
Missouri,2025-03-01,132060136.83
Maryland,2025-03-01,98825548.05
Oklahoma,2023-03-01,131822946.93
Ohio,2025-05-01,89632375.18
Ontario,2025-10-01,190246379.01
Maine,2024-07-01,42464154.82
Mississippi,2026-02-01,15180624.44
Missouri,2025-09-01,119977236.79
Nevada,2026-02-01,59530778.82
Vermont,2024-12-01,12043658.85
Maine,2023-10-01,43506502.90
Montana,2024-11-01,27408356.79
Alberta,2023-01-01,63661945.30
Virginia,2025-05-01,16528889.97
British Columbia,2024-07-01,62355217.90
Puerto Rico,2023-10-01,62972892.56
Connecticut,2026-03-01,23795088.28
New Jersey,2023-07-01,59100265.01
West Virginia,2024-06-01,7712696.21
Hawaii,2024-05-01,3021596.10
Saskatchewan,2024-09-01,9831762.50
Montana,2025-08-01,30356066.37
Alaska,2023-08-01,20197424.23
Vermont,2025-03-01,11963500.14
Vermont,2023-08-01,10458787.60
West Virginia,2024-10-01,7998817.67
Puerto Rico,2023-09-01,65109221.21
Utah,2024-08-01,14221266.41
Minnesota,2024-03-01,12952389.34
New Brunswick,2025-10-01,2143789.95
Alaska,2023-04-01,19466410.97
Virginia,2024-06-01,14904676.20
Connecticut,2023-04-01,21811088.60
New Jersey,2023-08-01,61611786.63
West Virginia,2025-11-01,7645801.50
Vermont,2022-11-01,4482312.15
Nova Scotia,2024-04-01,866189.72
Newfoundland and Labrador,2023-11-01,6246975.28
Connecticut,2023-05-01,22946832.58
Connecticut,2022-12-01,18259877.77
South Dakota,2024-02-01,5351451.32
Newfoundland and Labrador,2024-08-01,6948736.54
Rhode Island,2023-12-01,7490103.99
Nova Scotia,2025-07-01,4241962.96
Delaware,2024-08-01,2787508.87
Yukon,2023-11-01,731268.29
Newfoundland and Labrador,2026-02-01,6768669.85
North Dakota,2023-08-01,1453825.93
Texas,2025-01-01,233136.41
Delaware,2025-05-01,1838696.57
Iowa,2023-10-01,1232013.55
North Dakota,2025-02-01,1435011.04
Iowa,2025-01-01,1148802.23
North Dakota,2025-05-01,1484193.63
Georgia,2024-04-01,787067.65
Texas,2024-08-01,368344.88
Iowa,2025-02-01,1083103.55
Rhode Island,2024-09-01,7305233.39
Iowa,2024-01-01,1246881.16
Nunavut,2023-02-01,600634.40
North Carolina,2024-05-01,443791.45
Florida,2025-08-01,171843526.06
Florida,2023-05-01,135179899.22
Montana,2024-07-01,28960246.20
Washington,2023-08-01,86991350.24
Oklahoma,2023-07-01,128956227.31
Alaska,2024-02-01,16635487.59
Michigan,2025-11-01,261421352.12
California,2023-02-01,358212849.85
California,2023-09-01,362256529.59
Oregon,2025-04-01,80627982.89
Arizona,2024-01-01,111772737.87
Ontario,2025-12-01,184194842.27
Nevada,2026-01-01,62405474.60
Colorado,2023-09-01,129576474.68
Maryland,2026-01-01,99685352.93
Maryland,2025-08-01,102113667.86
New Jersey,2025-09-01,97166758.89
Arizona,2024-09-01,94798506.10
Washington,2026-02-01,84649769.41
Washington,2024-03-01,88609477.21
Massachusetts,2025-08-01,162077324.22
Alberta,2025-05-01,55978382.90
Missouri,2024-08-01,127416561.07
Ohio,2026-03-01,107061959.21
British Columbia,2025-04-01,60492620.83
Colorado,2023-12-01,117891784.82
Massachusetts,2022-11-01,145655489.07
Montana,2024-10-01,28437069.41
Maryland,2024-04-01,92926537.14
Nevada,2022-12-01,64894081.71
New Mexico,2024-09-01,47460098.41
New Mexico,2022-09-01,38980246.69
South Dakota,2023-03-01,3405598.12
South Dakota,2024-03-01,5662561.24
Minnesota,2026-03-01,25396701.76
Delaware,2025-08-01,5703600.74
Oregon,2023-02-01,74448123.61
Ohio,2025-12-01,100323599.71
Maine,2025-06-01,41241477.35
Puerto Rico,2024-06-01,36061741.64
Missouri,2025-08-01,131616029.43
Ohio,2024-01-01,46532624.78
Puerto Rico,2025-11-01,10295716.89
Alaska,2024-07-01,18591438.85
Puerto Rico,2024-01-01,51781495.49
Montana,2023-03-01,27872962.99
District of Columbia,2025-04-01,6254900.77
New Jersey,2022-09-01,37305116.86
Vermont,2022-12-01,5712768.26
Maine,2025-05-01,41239480.05
Manitoba,2024-04-01,11284195.75
Saskatchewan,2023-05-01,9972506.22
South Dakota,2023-07-01,3625294.91
Utah,2022-11-01,6478228.45
Connecticut,2024-04-01,24164025.85
West Virginia,2025-10-01,8126041.40
Newfoundland and Labrador,2024-06-01,5813471.27
New Brunswick,2023-09-01,1244330.89
New Brunswick,2024-02-01,1297281.60
North Dakota,2023-03-01,1404024.02
New Hampshire,2025-12-01,900785.40
Nunavut,2022-10-01,440732.88
District of Columbia,2023-08-01,4182234.81
New Brunswick,2025-05-01,2116147.20
Texas,2024-05-01,225016.62
North Dakota,2024-03-01,1557161.39
Texas,2023-11-01,425901.26
Utah,2023-01-01,6189985.07
New Brunswick,2022-10-01,2644944.54
New Hampshire,2022-09-01,1062324.27
New Hampshire,2026-03-01,757387.61
Nunavut,2024-09-01,879685.01
Texas,2024-04-01,223054.18
Iowa,2024-07-01,1132626.99
South Carolina,2023-08-01,0.00
South Dakota,2026-03-01,5965424.81
California,2026-02-01,309909640.36
Washington,2025-01-01,97252327.53
Michigan,2023-10-01,277191115.29
Michigan,2024-07-01,289848044.31
New Jersey,2025-11-01,99712416.10
New York,2025-11-01,154203488.09
Missouri,2024-12-01,132144367.97
Alaska,2024-06-01,17922791.61
Oklahoma,2025-02-01,112927036.60
Ontario,2023-12-01,234039742.48
Oklahoma,2026-02-01,94738525.33
Michigan,2024-08-01,297407792.27
Michigan,2022-10-01,210998244.45
Ontario,2024-12-01,193857017.73
Michigan,2024-09-01,268743495.79
Massachusetts,2025-06-01,151180963.35
Pennsylvania,2026-02-01,88115606.25
Oklahoma,2025-08-01,112775471.57
New Mexico,2023-03-01,48219606.10
Illinois,2023-04-01,133657462.75
Massachusetts,2025-10-01,155989025.70
Missouri,2023-06-01,120619406.25
Mississippi,2024-09-01,10170344.81
Ohio,2024-02-01,42882293.43
Puerto Rico,2024-02-01,50659018.34
Newfoundland and Labrador,2023-09-01,5841690.75
Mississippi,2024-11-01,11157085.82
Puerto Rico,2025-06-01,13103598.52
Connecticut,2026-01-01,24670590.36
Saskatchewan,2025-04-01,8453726.19
New York,2022-10-01,18668661.53
Minnesota,2026-01-01,24171829.29
Hawaii,2024-12-01,3144271.15
New Mexico,2025-11-01,44691848.18
Connecticut,2024-11-01,24606887.09
Vermont,2023-06-01,9383763.60
District of Columbia,2024-02-01,4136480.57
South Dakota,2025-07-01,6583549.33
Arkansas,2024-05-01,23017397.84
Nevada,2023-10-01,70786759.45
Arkansas,2025-10-01,24592208.86
District of Columbia,2024-10-01,4013032.92
Hawaii,2026-02-01,2715516.38
Arkansas,2024-03-01,22912989.07
Hawaii,2023-02-01,2824849.20
Arkansas,2024-04-01,22932339.84
Utah,2024-06-01,13428285.40
Minnesota,2024-02-01,12126080.03
Newfoundland and Labrador,2024-01-01,6427374.65
Utah,2025-12-01,16799206.70
Hawaii,2024-02-01,3149231.88
Newfoundland and Labrador,2024-05-01,6422680.87
Newfoundland and Labrador,2024-11-01,6787256.09
Arkansas,2024-12-01,24151727.72
Virginia,2022-09-01,3850938.59
West Virginia,2023-02-01,4128557.13
New Hampshire,2024-04-01,801235.43
Nunavut,2025-02-01,1166600.86
District of Columbia,2023-10-01,3983359.94
Hawaii,2025-06-01,2883302.60
Virginia,2024-03-01,14607883.59
Rhode Island,2026-01-01,9627948.87
Texas,2023-07-01,856967.68
Delaware,2025-10-01,5816732.66
Hawaii,2024-09-01,3138856.26
Texas,2025-08-01,206712.51
Texas,2026-03-01,522477.21
Mississippi,2022-09-01,650540.13
Iowa,2023-06-01,1185971.28
Rhode Island,2023-07-01,6149865.09
Rhode Island,2024-12-01,7850362.19
Georgia,2025-07-01,804292.74
Georgia,2023-05-01,205271.97
