STATE,SALES_MONTH,STATE_PRICE
Northern Mariana Islands,2023-04-01,0.00000000
Northern Mariana Islands,2022-11-01,0.00000000
Northern Mariana Islands,2023-10-01,0.00000000
South Carolina,2023-08-01,0.00000000
South Carolina,2022-12-01,0.00000000
South Carolina,2023-11-01,0.00000000
South Carolina,2023-12-01,0.00000000
Quebec,2024-02-01,0.00000000
Northern Mariana Islands,2022-10-01,0.00000000
Northern Mariana Islands,2022-12-01,0.00000000
South Carolina,2023-01-01,0.00000000
South Carolina,2023-09-01,0.00000000
Quebec,2023-11-01,0.00000000
Northern Mariana Islands,2023-03-01,0.00000000
Quebec,2023-12-01,0.00000000
South Carolina,2023-06-01,0.00000000
South Carolina,2023-05-01,0.00000000
Quebec,2024-01-01,0.00000000
Northern Mariana Islands,2023-02-01,0.00000000
Northern Mariana Islands,2023-05-01,0.00000000
Northern Mariana Islands,2023-11-01,0.00000000
Northern Mariana Islands,2022-09-01,0.00000000
South Carolina,2023-07-01,0.00000000
Northern Mariana Islands,2023-09-01,0.00000000
Northern Mariana Islands,2023-12-01,0.00000000
South Carolina,2022-10-01,0.00000000
Northern Mariana Islands,2023-07-01,0.00000000
Northern Mariana Islands,2024-01-01,0.00000000
South Carolina,2022-09-01,0.00000000
South Carolina,2023-03-01,0.00000000
Northern Mariana Islands,2023-01-01,0.00000000
South Carolina,2023-04-01,0.00000000
South Carolina,2023-10-01,0.00000000
Northern Mariana Islands,2023-06-01,0.00000000
Quebec,2023-10-01,0.00000000
South Carolina,2023-02-01,0.00000000
South Carolina,2024-01-01,0.00000000
South Carolina,2022-11-01,0.00000000
Northern Mariana Islands,2023-08-01,0.00000000
New Hampshire,2023-01-01,0.19128000
New Hampshire,2023-02-01,0.27042857
New Hampshire,2024-03-01,0.27143498
New Hampshire,2023-10-01,0.29259615
New Hampshire,2023-09-01,0.40857843
New Hampshire,2024-02-01,0.43728395
Yukon,2025-05-01,0.82836364
Yukon,2024-07-01,0.82836364
Yukon,2026-01-01,0.82836364
Yukon,2025-11-01,0.82836364
Yukon,2024-05-01,0.82836364
Yukon,2024-11-01,0.82836364
Yukon,2024-10-01,0.82836364
Yukon,2024-09-01,0.82836364
Yukon,2025-12-01,0.82836364
Yukon,2025-06-01,0.82836364
Yukon,2025-03-01,0.82836364
Yukon,2024-12-01,0.82836364
Yukon,2025-02-01,0.82836364
Yukon,2024-08-01,0.82836364
Yukon,2026-02-01,0.82836364
Yukon,2024-04-01,0.82836364
Yukon,2024-02-01,0.82836364
Yukon,2024-06-01,0.82836364
Yukon,2025-07-01,0.82836364
Yukon,2026-03-01,0.82836364
Yukon,2025-08-01,0.82836364
Yukon,2024-03-01,0.82836364
Yukon,2025-01-01,0.82836364
Yukon,2025-04-01,0.82836364
Yukon,2025-10-01,0.82836364
Yukon,2025-09-01,0.82836364
Yukon,2024-01-01,1.08781818
Yukon,2023-12-01,1.23418182
Nova Scotia,2024-07-01,1.38107345
New Hampshire,2026-03-01,1.56154362
New Hampshire,2023-05-01,1.80058824
New Hampshire,2022-12-01,1.93440299
Nova Scotia,2024-06-01,1.96934066
Yukon,2023-11-01,1.97236364
New Hampshire,2025-09-01,1.98591549
New Hampshire,2022-11-01,2.08179310
New Hampshire,2022-10-01,2.11740260
New Hampshire,2024-01-01,2.26048193
Puerto Rico,2026-03-01,2.32976296
Puerto Rico,2026-02-01,2.55126756
New Hampshire,2025-01-01,2.56529730
Nova Scotia,2024-05-01,2.67699454
New Hampshire,2025-06-01,2.73152672
New Hampshire,2025-08-01,2.73322981
Nova Scotia,2024-03-01,2.74743590
New Hampshire,2025-05-01,2.77157534
Nova Scotia,2024-04-01,2.81372093
New Hampshire,2023-03-01,2.81848921
New Hampshire,2025-02-01,2.84866667
Saskatchewan,2026-02-01,2.86098039
New Hampshire,2023-12-01,2.86417722
New Hampshire,2024-06-01,2.89560748
Puerto Rico,2026-01-01,2.90510838
New Hampshire,2026-02-01,2.91587879
Nova Scotia,2024-02-01,2.91688235
New Hampshire,2025-03-01,2.91761905
New Hampshire,2022-09-01,3.01592105
Nova Scotia,2025-11-01,3.02828283
Saskatchewan,2025-11-01,3.08063830
Saskatchewan,2026-01-01,3.08340961
Saskatchewan,2025-12-01,3.08626163
New Hampshire,2025-07-01,3.09585034
Puerto Rico,2025-12-01,3.11472561
New Hampshire,2023-04-01,3.15322368
Saskatchewan,2025-08-01,3.16443561
Saskatchewan,2025-09-01,3.18286114
Nova Scotia,2025-12-01,3.20142857
New Hampshire,2024-05-01,3.21596639
New Hampshire,2025-04-01,3.24368750
Saskatchewan,2026-03-01,3.24922348
Puerto Rico,2025-11-01,3.25782947
Saskatchewan,2025-10-01,3.27149058
Puerto Rico,2025-02-01,3.29406180
Saskatchewan,2025-07-01,3.30706492
New Hampshire,2023-11-01,3.31369565
Puerto Rico,2025-04-01,3.31909969
Nova Scotia,2025-10-01,3.32067633
New Hampshire,2024-07-01,3.32428571
Puerto Rico,2025-03-01,3.32665771
Nova Scotia,2025-07-01,3.33250965
Nova Scotia,2026-02-01,3.34195402
Saskatchewan,2025-06-01,3.37043722
Puerto Rico,2025-01-01,3.38725359
Nova Scotia,2026-01-01,3.44816568
Alberta,2026-02-01,3.47080141
Puerto Rico,2025-10-01,3.48248698
Nova Scotia,2025-09-01,3.48378378
Puerto Rico,2025-05-01,3.53275217
Saskatchewan,2025-05-01,3.53323636
New Hampshire,2024-12-01,3.57845238
Puerto Rico,2025-07-01,3.62131209
Puerto Rico,2025-08-01,3.65474018
Puerto Rico,2024-12-01,3.65890469
Puerto Rico,2025-06-01,3.65892985
Puerto Rico,2025-09-01,3.66565263
Alberta,2025-07-01,3.68074153
New York,2023-03-01,3.69486944
Nova Scotia,2026-03-01,3.73839286
Nova Scotia,2024-01-01,3.77556818
Alberta,2025-08-01,3.78891170
Alberta,2026-03-01,3.78931056
Alberta,2026-01-01,3.83018970
Nova Scotia,2025-06-01,3.83338912
New York,2023-02-01,3.84513121
New Hampshire,2024-09-01,3.85025478
New Hampshire,2024-11-01,3.88730337
New Hampshire,2024-08-01,3.88861878
Alberta,2025-09-01,3.90816842
Puerto Rico,2024-11-01,3.91407404
Alberta,2025-12-01,3.94369966
Alberta,2025-06-01,3.96662656
Alberta,2025-11-01,3.99343777
Manitoba,2026-02-01,4.06960938
Puerto Rico,2024-09-01,4.08231654
Puerto Rico,2024-10-01,4.10164124
Alberta,2025-10-01,4.10712271
Manitoba,2026-01-01,4.15048126
New Hampshire,2024-10-01,4.21417647
Washington,2026-03-01,4.26628093
Washington,2026-02-01,4.27930904
New York,2023-01-01,4.31058448
Nova Scotia,2025-08-01,4.32356164
Washington,2026-01-01,4.32390160
Washington,2025-09-01,4.32844442
Washington,2025-11-01,4.33481736
Washington,2025-07-01,4.35379062
Washington,2025-12-01,4.35452247
Washington,2025-10-01,4.35646616
Washington,2025-08-01,4.36319761
Manitoba,2025-09-01,4.37624704
Washington,2025-06-01,4.39629445
Manitoba,2025-12-01,4.40197887
Alberta,2025-05-01,4.42090357
Puerto Rico,2024-06-01,4.43474027
Washington,2025-05-01,4.45846989
Puerto Rico,2024-05-01,4.46768632
New York,2023-04-01,4.48375031
Washington,2025-04-01,4.49408672
Manitoba,2026-03-01,4.52024245
Puerto Rico,2024-08-01,4.52160061
Manitoba,2025-11-01,4.54524805
Washington,2025-03-01,4.55468502
Manitoba,2025-08-01,4.57390093
Washington,2024-12-01,4.58571863
Washington,2025-02-01,4.58577818
Manitoba,2025-06-01,4.58855551
Washington,2024-04-01,4.63023026
Puerto Rico,2024-02-01,4.63685185
Puerto Rico,2024-04-01,4.64266157
Washington,2025-01-01,4.64678350
Washington,2024-11-01,4.65083473
Puerto Rico,2024-07-01,4.65224972
Manitoba,2025-07-01,4.65257143
Washington,2024-05-01,4.65471063
Washington,2024-06-01,4.65515804
Washington,2023-05-01,4.66741552
Puerto Rico,2024-03-01,4.69762551
Washington,2024-09-01,4.70478635
Washington,2024-10-01,4.71196951
Washington,2024-08-01,4.76493178
Washington,2024-07-01,4.76871273
Texas,2025-06-01,4.78015625
Manitoba,2025-10-01,4.78912221
Washington,2024-03-01,4.79662328
Washington,2023-04-01,4.80983792
Washington,2023-06-01,4.83110682
New York,2023-10-01,4.83326568
Washington,2022-12-01,4.83636136
Washington,2023-02-01,4.85153382
Puerto Rico,2024-01-01,4.85247815
Manitoba,2025-05-01,4.85377648
New York,2023-05-01,4.85920468
New York,2023-09-01,4.86358347
Texas,2025-08-01,4.87583333
New York,2023-06-01,4.88443556
New York,2023-07-01,4.89555713
Washington,2022-11-01,4.90208436
New York,2023-08-01,4.91132839
Washington,2023-01-01,4.92358285
Washington,2022-10-01,4.92539880
Washington,2023-03-01,4.97519960
Washington,2023-08-01,4.98441520
Washington,2022-09-01,4.98555548
Washington,2024-01-01,4.98987744
New Hampshire,2025-12-01,4.99521739
Puerto Rico,2023-11-01,5.00460935
Washington,2023-09-01,5.00692224
Washington,2023-07-01,5.01193401
Louisiana,2024-12-01,5.01936102
Washington,2023-11-01,5.02910600
Florida,2025-11-01,5.03510964
Puerto Rico,2023-12-01,5.04726634
Texas,2025-04-01,5.05301587
Washington,2023-12-01,5.11735550
Florida,2022-12-01,5.16177682
Washington,2023-10-01,5.18501510
Florida,2025-12-01,5.20484856
Washington,2024-02-01,5.24570122
Oklahoma,2024-11-01,5.28548042
Florida,2026-01-01,5.29319992
Oklahoma,2024-10-01,5.29785482
Florida,2025-09-01,5.30261225
Florida,2023-03-01,5.30360789
West Virginia,2022-09-01,5.32652126
Oklahoma,2024-09-01,5.33923552
Oklahoma,2026-02-01,5.34127279
Oklahoma,2026-03-01,5.36196471
Florida,2022-09-01,5.40091990
Florida,2025-10-01,5.40776606
Missouri,2023-01-01,5.41268287
New Hampshire,2025-11-01,5.43141975
Florida,2022-11-01,5.43638023
Missouri,2022-12-01,5.44041717
Oklahoma,2025-04-01,5.45388460
Oklahoma,2025-01-01,5.45953993
Oklahoma,2026-01-01,5.46211614
Puerto Rico,2023-05-01,5.47593682
Oklahoma,2024-12-01,5.48786173
Oklahoma,2025-02-01,5.49436955
Florida,2023-01-01,5.49465210
Oklahoma,2025-05-01,5.50198242
Texas,2025-07-01,5.52258621
Florida,2023-05-01,5.53151900
Oklahoma,2025-03-01,5.53653565
Florida,2023-08-01,5.54405835
Puerto Rico,2023-04-01,5.54706125
Puerto Rico,2022-11-01,5.54892061
Puerto Rico,2023-09-01,5.55270949
Missouri,2022-11-01,5.55339645
Puerto Rico,2023-03-01,5.55561011
Oklahoma,2025-12-01,5.55568852
Puerto Rico,2023-02-01,5.56845803
Louisiana,2025-04-01,5.57216839
Florida,2023-04-01,5.57628399
Puerto Rico,2023-07-01,5.58081158
Puerto Rico,2023-06-01,5.58224799
Missouri,2022-09-01,5.58282540
Louisiana,2025-03-01,5.59801661
Florida,2022-10-01,5.60491050
Oklahoma,2025-08-01,5.60768958
Florida,2025-08-01,5.61599431
Oklahoma,2025-11-01,5.62553963
Oklahoma,2024-06-01,5.63594188
Florida,2025-04-01,5.64109721
Puerto Rico,2022-12-01,5.64170376
Saskatchewan,2025-04-01,5.64317172
Oklahoma,2024-05-01,5.64618628
Oklahoma,2025-06-01,5.65242504
Oklahoma,2025-07-01,5.65403502
Missouri,2022-10-01,5.66211617
Oklahoma,2024-07-01,5.67763720
Florida,2026-02-01,5.68821321
Florida,2025-06-01,5.69508433
Oklahoma,2024-02-01,5.69528590
Texas,2026-01-01,5.70307692
Florida,2025-07-01,5.70441717
Puerto Rico,2023-08-01,5.70767824
Puerto Rico,2022-09-01,5.70783243
Texas,2025-12-01,5.71346154
Texas,2025-11-01,5.71461538
Florida,2023-09-01,5.72089033
Florida,2023-02-01,5.72196196
Arizona,2025-09-01,5.72321396
New Hampshire,2026-01-01,5.72903743
Texas,2025-03-01,5.73111111
Louisiana,2025-02-01,5.73176409
Florida,2025-03-01,5.73211959
Arizona,2025-07-01,5.73329414
Oklahoma,2023-11-01,5.73382280
Puerto Rico,2022-10-01,5.73468275
Nova Scotia,2024-08-01,5.73823944
Oklahoma,2023-12-01,5.74103743
Oklahoma,2024-01-01,5.74776413
Florida,2023-10-01,5.75406540
Oregon,2026-03-01,5.75657365
Oklahoma,2022-12-01,5.75671931
Oklahoma,2024-08-01,5.75757307
Oklahoma,2023-08-01,5.76026733
Oklahoma,2024-03-01,5.76250313
Oklahoma,2025-10-01,5.76311460
Arizona,2025-08-01,5.77943423
Oklahoma,2025-09-01,5.78063337
Florida,2025-02-01,5.78203229
Oklahoma,2023-09-01,5.78303227
Florida,2023-07-01,5.78549473
Florida,2023-06-01,5.78620603
Arizona,2025-04-01,5.78671470
Puerto Rico,2023-01-01,5.78947929
Louisiana,2025-01-01,5.79808824
Michigan,2025-11-01,5.79808990
New York,2023-11-01,5.80150804
Oklahoma,2023-03-01,5.80497386
Oklahoma,2023-02-01,5.82356608
Nova Scotia,2024-10-01,5.83100000
Nova Scotia,2024-09-01,5.83273585
Oklahoma,2024-04-01,5.83299833
Nova Scotia,2025-05-01,5.83487395
Newfoundland and Labrador,2025-06-01,5.83524017
Massachusetts,2025-09-01,5.83978319
Oklahoma,2023-06-01,5.83995073
Oklahoma,2023-04-01,5.84279242
Massachusetts,2025-11-01,5.84683413
Oklahoma,2023-05-01,5.84979455
Oklahoma,2022-11-01,5.84981831
Newfoundland and Labrador,2025-11-01,5.85061258
Massachusetts,2025-12-01,5.85180386
Louisiana,2025-06-01,5.85219048
Newfoundland and Labrador,2025-12-01,5.85754870
Oregon,2026-02-01,5.86494227
Arizona,2025-10-01,5.86663044
Louisiana,2025-05-01,5.86704835
Michigan,2025-12-01,5.87437366
Massachusetts,2026-03-01,5.88525740
Michigan,2026-01-01,5.88527240
Florida,2025-05-01,5.88930288
California,2024-02-01,5.89151811
Massachusetts,2025-10-01,5.89199799
California,2024-07-01,5.89220571
California,2024-03-01,5.89403741
California,2024-08-01,5.90019063
Oklahoma,2023-10-01,5.91027493
Florida,2024-12-01,5.91211302
California,2024-06-01,5.91617744
Michigan,2025-04-01,5.91754668
Massachusetts,2026-01-01,5.91939677
Colorado,2023-04-01,5.92376090
California,2024-11-01,5.92428544
California,2024-09-01,5.92453691
Oregon,2026-01-01,5.92780516
Newfoundland and Labrador,2025-05-01,5.93025114
California,2024-04-01,5.93076275
Arizona,2025-11-01,5.93270058
Massachusetts,2026-02-01,5.93801903
Colorado,2023-03-01,5.93966643
Texas,2025-02-01,5.94103448
California,2025-03-01,5.94637019
Arizona,2024-11-01,5.94798929
Massachusetts,2025-08-01,5.94846742
Colorado,2023-06-01,5.96169564
Oklahoma,2023-07-01,5.96275272
Ontario,2025-11-01,5.96745766
Arizona,2025-05-01,5.97769532
Florida,2024-11-01,5.98062092
Ontario,2026-03-01,5.98673549
Oregon,2025-11-01,5.99274089
New Mexico,2025-12-01,5.99385985
Oregon,2025-10-01,5.99421992
Ontario,2026-01-01,5.99728154
Ontario,2026-02-01,5.99828102
California,2024-12-01,5.99867917
Oklahoma,2022-09-01,6.00097835
Arizona,2025-06-01,6.01192077
Michigan,2026-02-01,6.01215858
Colorado,2023-07-01,6.01394210
Oregon,2025-02-01,6.01397337
Oregon,2025-12-01,6.01444605
Florida,2025-01-01,6.02493815
California,2025-01-01,6.02593954
New Mexico,2026-02-01,6.02793028
California,2024-05-01,6.02837801
Newfoundland and Labrador,2025-02-01,6.04647368
Puerto Rico,2023-10-01,6.04865338
Newfoundland and Labrador,2025-04-01,6.04909314
Arizona,2024-12-01,6.04934504
Michigan,2025-05-01,6.05965121
Colorado,2026-02-01,6.06195029
Florida,2026-03-01,6.06209999
Colorado,2026-01-01,6.06516212
Michigan,2025-10-01,6.06680483
Arizona,2024-10-01,6.07390911
Newfoundland and Labrador,2025-08-01,6.07878882
Massachusetts,2025-07-01,6.08033795
Newfoundland and Labrador,2025-10-01,6.08162679
Arizona,2025-12-01,6.08217864
Texas,2024-12-01,6.08600000
Newfoundland and Labrador,2025-09-01,6.09109546
New Mexico,2026-01-01,6.09820915
Massachusetts,2025-04-01,6.09846495
Newfoundland and Labrador,2025-03-01,6.11119241
Oregon,2025-03-01,6.11333849
Michigan,2025-02-01,6.11613561
Massachusetts,2025-05-01,6.11854404
Ontario,2025-12-01,6.12210154
Florida,2023-11-01,6.12309033
Colorado,2023-02-01,6.12396493
Michigan,2025-07-01,6.12743646
Massachusetts,2025-06-01,6.12931162
Oregon,2025-04-01,6.13330078
Michigan,2025-06-01,6.13546946
Michigan,2025-03-01,6.13779294
Arkansas,2023-11-01,6.14035902
Arizona,2026-01-01,6.14118545
Newfoundland and Labrador,2026-01-01,6.14725610
West Virginia,2022-10-01,6.14995434
Michigan,2025-09-01,6.15073357
New Hampshire,2023-08-01,6.15114391
Michigan,2026-03-01,6.15282629
Arizona,2026-02-01,6.15618088
Michigan,2025-08-01,6.15854824
Arizona,2024-09-01,6.17059196
Florida,2024-09-01,6.17310347
New Mexico,2026-03-01,6.17580237
Oregon,2025-01-01,6.18282568
New Mexico,2025-10-01,6.18329069
Newfoundland and Labrador,2025-07-01,6.19444631
Massachusetts,2025-03-01,6.20376681
Oregon,2025-05-01,6.20902402
Colorado,2026-03-01,6.21458339
California,2025-02-01,6.21746350
Florida,2024-10-01,6.22664901
Oregon,2024-05-01,6.23055587
Texas,2024-07-01,6.23842105
Colorado,2023-05-01,6.23983834
Colorado,2025-12-01,6.24337456
Massachusetts,2025-02-01,6.25016789
New Mexico,2025-11-01,6.25295263
New York,2023-12-01,6.25418388
Arizona,2025-03-01,6.25475416
New York,2024-01-01,6.25505443
Michigan,2025-01-01,6.26088209
Newfoundland and Labrador,2026-03-01,6.27522184
Arizona,2024-08-01,6.27773521
Arizona,2025-02-01,6.27923809
Texas,2025-05-01,6.29061538
Oregon,2025-08-01,6.29361323
Florida,2023-12-01,6.29522160
Michigan,2024-11-01,6.30361516
California,2024-10-01,6.30720920
Oregon,2024-12-01,6.31030462
Arkansas,2024-12-01,6.31234582
Massachusetts,2025-01-01,6.31604033
Oregon,2024-03-01,6.31781307
Ontario,2025-09-01,6.31804025
Oregon,2024-11-01,6.32704615
Oregon,2025-07-01,6.32920372
Oregon,2025-06-01,6.33174131
Ontario,2025-08-01,6.33507725
Arizona,2025-01-01,6.34267508
Oregon,2024-10-01,6.34317344
Massachusetts,2024-12-01,6.34618876
Ontario,2025-10-01,6.34812604
Newfoundland and Labrador,2026-02-01,6.34846922
Arkansas,2025-01-01,6.34869019
Oregon,2024-09-01,6.34904944
Oregon,2024-06-01,6.34999310
Hawaii,2025-09-01,6.35619970
Michigan,2024-12-01,6.36101723
Ontario,2025-06-01,6.36635041
Oregon,2024-04-01,6.37077082
Oregon,2025-09-01,6.37285789
Arizona,2026-03-01,6.37312575
Ontario,2025-07-01,6.37420368
Oregon,2023-08-01,6.37562125
Florida,2024-08-01,6.38017299
Florida,2024-04-01,6.38438128
California,2024-01-01,6.38751087
Florida,2024-01-01,6.38824118
Florida,2024-07-01,6.38842108
Oklahoma,2023-01-01,6.39376694
Arkansas,2024-01-01,6.39789319
Arkansas,2023-12-01,6.40069838
Oregon,2024-08-01,6.40108592
Oregon,2023-06-01,6.40473053
New Hampshire,2024-04-01,6.40766520
Arkansas,2024-04-01,6.40822130
Oregon,2024-02-01,6.41688233
Oregon,2024-07-01,6.41965976
Ohio,2024-03-01,6.42202008
Oregon,2023-07-01,6.44314116
Oregon,2023-04-01,6.44449027
Pennsylvania,2025-11-01,6.44601937
Arkansas,2026-03-01,6.45764996
Oregon,2023-05-01,6.45972678
Michigan,2024-07-01,6.45992900
Arkansas,2025-10-01,6.46084774
New Mexico,2025-01-01,6.46260744
Arkansas,2025-12-01,6.46477657
Oregon,2024-01-01,6.47251668
Oregon,2023-11-01,6.47276435
Arkansas,2025-11-01,6.47866069
Arkansas,2024-05-01,6.48282994
Colorado,2025-11-01,6.48544145
Manitoba,2025-04-01,6.49114394
Newfoundland and Labrador,2024-12-01,6.49231144
Arkansas,2024-02-01,6.49247631
Arkansas,2024-10-01,6.49328206
Arkansas,2025-02-01,6.49982726
Arizona,2024-07-01,6.50023002
Arkansas,2024-03-01,6.50186554
Arkansas,2023-09-01,6.50447333
New Mexico,2025-02-01,6.50772292
Florida,2024-02-01,6.50840709
Arkansas,2024-11-01,6.51383767
Oregon,2023-09-01,6.52328750
Massachusetts,2024-11-01,6.52689422
Oregon,2022-12-01,6.53516701
Ohio,2023-11-01,6.53784154
Oregon,2023-01-01,6.53889476
Pennsylvania,2025-09-01,6.53913805
Oregon,2023-12-01,6.54483435
Newfoundland and Labrador,2025-01-01,6.55121053
New Mexico,2025-04-01,6.55539435
Michigan,2024-10-01,6.55732193
Alberta,2025-04-01,6.56614318
Hawaii,2025-10-01,6.56684288
Pennsylvania,2024-11-01,6.57766609
Arizona,2024-06-01,6.57905899
British Columbia,2026-01-01,6.57963537
Arkansas,2023-08-01,6.58220032
Oregon,2023-02-01,6.59032485
Pennsylvania,2025-04-01,6.59354546
Pennsylvania,2025-10-01,6.59958228
Michigan,2024-09-01,6.60170491
California,2023-08-01,6.60477475
Arkansas,2025-09-01,6.60845526
Pennsylvania,2024-12-01,6.61050714
Florida,2024-05-01,6.62396706
Ohio,2023-12-01,6.62529397
California,2023-12-01,6.62941996
Arkansas,2024-09-01,6.62977593
Ontario,2025-05-01,6.63126925
Nova Scotia,2024-11-01,6.63170455
Michigan,2023-04-01,6.63586166
Florida,2024-03-01,6.63597767
Arizona,2024-05-01,6.64347442
California,2023-07-01,6.64810191
British Columbia,2025-11-01,6.65487943
Oregon,2022-11-01,6.65654272
Oregon,2023-10-01,6.66284879
California,2026-01-01,6.66744545
Hawaii,2025-11-01,6.66767661
Pennsylvania,2025-06-01,6.66888763
Arkansas,2024-06-01,6.66922283
Arkansas,2023-10-01,6.67103461
New Mexico,2025-03-01,6.67118229
California,2026-02-01,6.67136748
Michigan,2024-08-01,6.67335862
New Mexico,2024-04-01,6.67382390
California,2023-06-01,6.67793123
New Mexico,2024-12-01,6.68050473
Oregon,2023-03-01,6.68602895
California,2025-04-01,6.69084637
Colorado,2025-10-01,6.69293046
Arkansas,2025-07-01,6.69453021
Arizona,2024-04-01,6.69613770
Arkansas,2025-03-01,6.69669085
Arizona,2024-01-01,6.69799813
Pennsylvania,2025-07-01,6.69958277
Pennsylvania,2025-12-01,6.70014059
South Dakota,2025-09-01,6.70931599
British Columbia,2025-06-01,6.70983962
Colorado,2023-11-01,6.71097973
California,2025-11-01,6.71190374
Arizona,2024-03-01,6.71263215
Colorado,2025-09-01,6.71642705
Arkansas,2026-02-01,6.71761086
Arkansas,2026-01-01,6.72092866
Michigan,2024-06-01,6.72693563
Ohio,2024-04-01,6.72971158
Arkansas,2024-08-01,6.73807565
Pennsylvania,2024-09-01,6.73890401
Ohio,2024-02-01,6.73991570
Arkansas,2024-07-01,6.74042090
California,2025-10-01,6.74211094
Colorado,2023-08-01,6.74850829
Florida,2024-06-01,6.75149276
Ontario,2025-04-01,6.75201768
Arizona,2024-02-01,6.75538419
Massachusetts,2024-10-01,6.75580519
New Mexico,2024-03-01,6.75646280
Arkansas,2025-08-01,6.75728649
Hawaii,2025-12-01,6.75907618
Arkansas,2025-04-01,6.76537337
California,2023-01-01,6.76764741
British Columbia,2026-02-01,6.77094291
Newfoundland and Labrador,2024-10-01,6.77277273
Colorado,2025-08-01,6.77323069
California,2025-12-01,6.77335573
Michigan,2023-05-01,6.77431066
Colorado,2023-10-01,6.77455467
British Columbia,2025-07-01,6.77463647
California,2025-09-01,6.78907563
Newfoundland and Labrador,2024-09-01,6.79037471
Pennsylvania,2025-01-01,6.79241274
Pennsylvania,2025-03-01,6.79303563
California,2023-04-01,6.79326060
Newfoundland and Labrador,2024-04-01,6.80321429
California,2023-02-01,6.80419593
California,2026-03-01,6.80500463
Pennsylvania,2026-01-01,6.80546260
Saskatchewan,2023-06-01,6.80665497
California,2023-11-01,6.80842359
Pennsylvania,2025-02-01,6.81034893
Michigan,2023-03-01,6.81253391
Michigan,2024-05-01,6.81328362
Pennsylvania,2026-02-01,6.82213105
Pennsylvania,2026-03-01,6.82444119
Newfoundland and Labrador,2024-11-01,6.83290749
California,2023-05-01,6.83701803
Oregon,2022-09-01,6.83876281
New Mexico,2025-05-01,6.83881312
British Columbia,2025-09-01,6.84014784
Michigan,2023-06-01,6.84202638
Arkansas,2025-06-01,6.84267446
Pennsylvania,2025-05-01,6.84274107
New Mexico,2024-07-01,6.84314750
Pennsylvania,2025-08-01,6.84586116
British Columbia,2025-12-01,6.84951952
British Columbia,2026-03-01,6.85126415
Oregon,2022-10-01,6.85223020
Michigan,2023-07-01,6.85274713
Colorado,2023-09-01,6.85394316
Arizona,2023-11-01,6.85489286
California,2023-03-01,6.85489560
Newfoundland and Labrador,2024-08-01,6.85964835
Newfoundland and Labrador,2024-07-01,6.86019027
British Columbia,2025-08-01,6.86328099
Colorado,2025-06-01,6.86430219
Arkansas,2025-05-01,6.86748549
Michigan,2024-04-01,6.87093108
Colorado,2024-09-01,6.87554301
Ohio,2024-01-01,6.87599142
Newfoundland and Labrador,2024-05-01,6.87660088
Colorado,2023-12-01,6.88605949
Pennsylvania,2024-10-01,6.88964459
New Mexico,2025-06-01,6.89393530
New Mexico,2024-06-01,6.89464587
British Columbia,2025-05-01,6.89704943
Colorado,2025-07-01,6.89785782
New Mexico,2025-07-01,6.90141865
Pennsylvania,2024-08-01,6.90562954
Arizona,2023-12-01,6.91250098
Massachusetts,2024-09-01,6.91619598
Texas,2024-09-01,6.92666667
New Mexico,2025-09-01,6.92914472
Saskatchewan,2023-04-01,6.93423414
Saskatchewan,2024-02-01,6.93646544
Arkansas,2023-07-01,6.94266037
New Hampshire,2023-07-01,6.94443350
Oklahoma,2022-10-01,6.94714946
Newfoundland and Labrador,2023-11-01,6.94886228
New Mexico,2025-08-01,6.95087981
New Hampshire,2025-10-01,6.95460784
Michigan,2023-02-01,6.96067480
Massachusetts,2024-06-01,6.96193845
Arizona,2022-09-01,6.96256312
Ohio,2023-09-01,6.96345493
Massachusetts,2024-04-01,6.96736612
California,2025-07-01,6.96756759
Hawaii,2026-03-01,6.97140264
Newfoundland and Labrador,2023-09-01,6.97744376
Colorado,2024-01-01,6.98070921
California,2025-08-01,6.98207226
Saskatchewan,2023-07-01,6.98554610
Colorado,2025-01-01,6.98673849
New Hampshire,2023-06-01,6.98934498
Massachusetts,2024-05-01,6.98999590
Newfoundland and Labrador,2023-08-01,7.00079268
Saskatchewan,2024-04-01,7.00210197
California,2022-12-01,7.00225682
Colorado,2025-05-01,7.01052792
Massachusetts,2024-08-01,7.01170174
Ohio,2023-10-01,7.01218941
Colorado,2025-02-01,7.01347118
California,2025-06-01,7.01590470
Saskatchewan,2024-03-01,7.01708130
Colorado,2024-10-01,7.01839796
Newfoundland and Labrador,2024-06-01,7.01957399
Colorado,2024-02-01,7.02325780
Arizona,2023-09-01,7.02721385
California,2023-09-01,7.02815653
Michigan,2023-08-01,7.02845766
New Mexico,2023-08-01,7.03717875
Michigan,2022-12-01,7.04747673
Colorado,2024-11-01,7.05393798
Colorado,2024-03-01,7.05432800
Michigan,2023-01-01,7.06008339
Colorado,2025-04-01,7.06302177
New Mexico,2023-09-01,7.07321620
Colorado,2024-12-01,7.07804842
Hawaii,2025-08-01,7.07909704
Newfoundland and Labrador,2023-12-01,7.08292952
Colorado,2024-07-01,7.08762173
Colorado,2024-05-01,7.08965378
California,2025-05-01,7.09010733
South Dakota,2025-11-01,7.09053068
Montana,2025-07-01,7.09169063
Nova Scotia,2024-12-01,7.09804878
Colorado,2024-04-01,7.09848833
Ohio,2023-08-01,7.09874784
Nova Scotia,2025-03-01,7.10146341
Colorado,2024-06-01,7.10254551
Nevada,2026-02-01,7.10388612
Nova Scotia,2025-04-01,7.10390244
Massachusetts,2024-03-01,7.10533795
Pennsylvania,2024-07-01,7.10964600
Montana,2025-05-01,7.11185061
Michigan,2024-03-01,7.11446471
Nevada,2025-12-01,7.11691082
Montana,2025-04-01,7.12000643
Newfoundland and Labrador,2024-01-01,7.12193333
New Mexico,2024-05-01,7.12393065
Nevada,2025-11-01,7.12554004
British Columbia,2025-04-01,7.12590440
Arkansas,2023-06-01,7.12638353
Newfoundland and Labrador,2024-03-01,7.12769048
British Columbia,2025-10-01,7.13070734
Manitoba,2024-11-01,7.13326019
Massachusetts,2024-07-01,7.13973645
New Mexico,2024-10-01,7.14065241
Montana,2026-03-01,7.14303828
Nevada,2026-03-01,7.14834215
New Mexico,2024-08-01,7.14871919
Michigan,2024-02-01,7.14970393
New Mexico,2023-07-01,7.15032037
Colorado,2024-08-01,7.15286549
New Mexico,2024-11-01,7.15318302
Arizona,2023-08-01,7.15532497
Saskatchewan,2023-08-01,7.15635524
Newfoundland and Labrador,2023-07-01,7.16638430
Montana,2025-03-01,7.16691357
Texas,2025-01-01,7.17600000
Newfoundland and Labrador,2023-10-01,7.17656051
New Mexico,2024-02-01,7.18163413
Montana,2025-06-01,7.18421353
Pennsylvania,2024-06-01,7.18491443
Nevada,2026-01-01,7.19186396
Pennsylvania,2024-04-01,7.19306877
Newfoundland and Labrador,2024-02-01,7.19494200
Saskatchewan,2024-05-01,7.19820388
Colorado,2025-03-01,7.19988759
South Dakota,2025-04-01,7.20141718
Montana,2026-02-01,7.20863376
New Mexico,2023-10-01,7.21471665
Pennsylvania,2024-05-01,7.21637361
Montana,2025-12-01,7.21902182
Michigan,2022-11-01,7.22095347
Michigan,2023-12-01,7.22974152
New Mexico,2024-09-01,7.24316285
Michigan,2023-11-01,7.24962109
British Columbia,2025-02-01,7.25500083
South Dakota,2025-10-01,7.26385648
Newfoundland and Labrador,2023-06-01,7.26427646
Ontario,2024-11-01,7.26525483
Saskatchewan,2024-08-01,7.26882483
Nova Scotia,2025-01-01,7.27100000
Michigan,2023-09-01,7.27251274
Michigan,2024-01-01,7.27720174
Arkansas,2023-05-01,7.28067611
Montana,2026-01-01,7.28157994
Arkansas,2023-04-01,7.28253911
Saskatchewan,2024-07-01,7.28425835
Nova Scotia,2025-02-01,7.28500000
Newfoundland and Labrador,2023-04-01,7.28557734
Saskatchewan,2024-06-01,7.29701873
Montana,2025-01-01,7.29838869
Ontario,2025-02-01,7.30026185
Montana,2025-08-01,7.30457622
British Columbia,2025-03-01,7.31562998
Ohio,2023-07-01,7.32253011
California,2022-11-01,7.32565473
California,2023-10-01,7.32630323
Pennsylvania,2024-03-01,7.32647501
South Dakota,2025-12-01,7.32701522
California,2022-09-01,7.33036540
Ohio,2024-05-01,7.33504531
Nevada,2025-09-01,7.33691502
Montana,2025-02-01,7.34067418
Newfoundland and Labrador,2023-05-01,7.34504655
Ontario,2025-03-01,7.34636757
South Dakota,2026-01-01,7.34664230
Ontario,2024-10-01,7.35847538
Arizona,2023-07-01,7.36895544
Nevada,2025-08-01,7.36917389
Maryland,2022-12-01,7.37027029
Ohio,2023-06-01,7.37153625
Arizona,2023-06-01,7.37875734
New Mexico,2023-06-01,7.37956610
Rhode Island,2025-11-01,7.37967899
Ontario,2025-01-01,7.39377288
Nevada,2025-10-01,7.39834069
South Dakota,2024-12-01,7.40424501
Saskatchewan,2023-09-01,7.40913408
Ontario,2024-12-01,7.42054754
South Dakota,2025-07-01,7.44452678
Ontario,2024-09-01,7.44780759
Maryland,2023-04-01,7.45876897
Maine,2026-02-01,7.46500942
New Mexico,2023-04-01,7.46557314
Nevada,2025-07-01,7.47781359
Michigan,2023-10-01,7.48035099
New Mexico,2023-11-01,7.48835954
Yukon,2023-10-01,7.49116667
Massachusetts,2024-02-01,7.49139888
Manitoba,2024-09-01,7.49429017
South Dakota,2025-05-01,7.49714773
Arizona,2023-04-01,7.49794273
British Columbia,2025-01-01,7.50038554
Montana,2025-11-01,7.50071794
Pennsylvania,2023-11-01,7.50910434
South Dakota,2025-08-01,7.51782359
Maryland,2022-11-01,7.52281677
Maine,2026-03-01,7.52617371
Montana,2025-09-01,7.53071223
Arizona,2023-10-01,7.53737106
Saskatchewan,2023-10-01,7.54173834
Hawaii,2025-07-01,7.54292754
Saskatchewan,2023-03-01,7.55115937
Maine,2026-01-01,7.56497882
Texas,2024-08-01,7.56728571
Nevada,2025-05-01,7.56922865
South Dakota,2026-02-01,7.57603271
British Columbia,2024-11-01,7.57862707
Maryland,2023-05-01,7.57956543
Nevada,2025-06-01,7.58049092
Rhode Island,2025-10-01,7.58583640
Arizona,2022-11-01,7.58966595
Rhode Island,2025-03-01,7.59822275
Massachusetts,2023-12-01,7.59908566
South Dakota,2025-06-01,7.60313284
British Columbia,2024-12-01,7.60541686
Arkansas,2023-03-01,7.60618298
New Mexico,2023-05-01,7.60917905
Pennsylvania,2024-02-01,7.61368263
Colorado,2022-11-01,7.61553539
Manitoba,2024-10-01,7.62709820
Hawaii,2025-05-01,7.62826953
Texas,2024-11-01,7.63136364
Rhode Island,2025-04-01,7.63866261
Missouri,2025-12-01,7.64058438
Pennsylvania,2023-10-01,7.64216492
Rhode Island,2025-12-01,7.64228571
Saskatchewan,2023-02-01,7.64273364
Arizona,2022-10-01,7.65022862
South Dakota,2025-03-01,7.65197107
South Dakota,2024-11-01,7.65200792
Rhode Island,2025-07-01,7.65207814
Massachusetts,2024-01-01,7.65523563
Montana,2025-10-01,7.66590295
Nevada,2025-04-01,7.67060702
Colorado,2022-12-01,7.67905626
Colorado,2022-10-01,7.67916205
British Columbia,2024-10-01,7.67918352
Maine,2025-12-01,7.68339398
Pennsylvania,2023-12-01,7.68346825
Missouri,2025-11-01,7.68579673
British Columbia,2024-09-01,7.68589268
Connecticut,2022-09-01,7.69068380
California,2022-10-01,7.69231016
Maine,2025-11-01,7.69270754
Colorado,2022-09-01,7.69495834
Arkansas,2023-02-01,7.69919063
Saskatchewan,2023-01-01,7.70492690
New Mexico,2024-01-01,7.71122928
South Dakota,2026-03-01,7.71183628
Colorado,2023-01-01,7.72142950
Maryland,2023-03-01,7.72619797
Nevada,2024-11-01,7.72656466
Saskatchewan,2024-09-01,7.72898551
Pennsylvania,2023-09-01,7.73144664
Maine,2024-02-01,7.73422428
Massachusetts,2023-11-01,7.73436662
Connecticut,2022-12-01,7.73808938
Ontario,2024-08-01,7.74144440
Arizona,2023-05-01,7.74213922
Missouri,2026-03-01,7.74452700
Arizona,2022-12-01,7.74754232
Connecticut,2022-11-01,7.74787225
Rhode Island,2025-09-01,7.75526601
Saskatchewan,2022-11-01,7.75882041
Maryland,2023-01-01,7.76082273
South Dakota,2025-01-01,7.76546306
Pennsylvania,2024-01-01,7.76555591
Saskatchewan,2023-05-01,7.77809435
Saskatchewan,2022-09-01,7.77831858
Massachusetts,2023-10-01,7.79449816
Maryland,2023-02-01,7.79842416
Arkansas,2023-01-01,7.80048609
Missouri,2024-10-01,7.80154106
Rhode Island,2025-02-01,7.80525652
Hawaii,2024-08-01,7.80581784
Maine,2025-01-01,7.80846733
British Columbia,2024-08-01,7.80980423
South Dakota,2025-02-01,7.81118931
Rhode Island,2025-08-01,7.81305228
Ontario,2024-07-01,7.82124102
Maine,2025-04-01,7.82504886
Missouri,2026-01-01,7.82788281
South Dakota,2024-10-01,7.82906202
Nevada,2025-02-01,7.82982929
Ontario,2024-06-01,7.83121329
Nevada,2025-01-01,7.83404708
Missouri,2026-02-01,7.83602317
Hawaii,2024-11-01,7.84129032
Rhode Island,2025-06-01,7.84519591
Rhode Island,2025-01-01,7.84688963
Alberta,2024-11-01,7.85129732
Hawaii,2025-02-01,7.85373264
Rhode Island,2024-12-01,7.85679589
New Mexico,2023-12-01,7.85796018
Saskatchewan,2022-12-01,7.85798311
Mississippi,2025-02-01,7.86154276
Rhode Island,2026-01-01,7.86334681
Pennsylvania,2023-08-01,7.86342633
Texas,2024-06-01,7.86529412
Saskatchewan,2022-10-01,7.87205697
Nevada,2025-03-01,7.87423163
Rhode Island,2026-03-01,7.87696991
Massachusetts,2023-09-01,7.87733913
Saskatchewan,2024-11-01,7.87805522
Arkansas,2022-12-01,7.87883503
Saskatchewan,2023-12-01,7.88038358
Maine,2025-02-01,7.88117653
Nevada,2024-12-01,7.88128915
Manitoba,2024-08-01,7.88263014
New York,2022-09-01,7.88789040
Michigan,2022-10-01,7.88850728
Rhode Island,2024-10-01,7.89005926
New Mexico,2022-11-01,7.89276685
Ontario,2024-05-01,7.89345079
Hawaii,2026-02-01,7.89493080
Manitoba,2024-06-01,7.89604974
Missouri,2025-10-01,7.89678295
Nevada,2024-08-01,7.90677001
Manitoba,2024-12-01,7.90710020
Arkansas,2022-11-01,7.91152715
Nevada,2024-09-01,7.91186634
Maine,2025-03-01,7.91288561
Montana,2023-09-01,7.91414517
Maine,2024-12-01,7.91732816
Alberta,2024-06-01,7.92351351
Connecticut,2022-10-01,7.92644914
Illinois,2025-12-01,7.92798101
Saskatchewan,2023-11-01,7.92854428
Hawaii,2026-01-01,7.92965079
British Columbia,2024-06-01,7.93143945
Vermont,2022-10-01,7.93533499
Ohio,2023-05-01,7.93536314
Maine,2025-09-01,7.93557065
Maine,2023-05-01,7.93722554
Manitoba,2024-07-01,7.94093348
Rhode Island,2024-11-01,7.94129555
Alberta,2024-08-01,7.94250479
Maryland,2022-10-01,7.95023543
Maine,2023-06-01,7.95105152
Nevada,2024-10-01,7.95138828
Mississippi,2025-01-01,7.95157984
Alberta,2023-09-01,7.95656686
Missouri,2024-12-01,7.96510292
Mississippi,2024-09-01,7.96775345
Alberta,2024-07-01,7.96971772
Mississippi,2025-06-01,7.97331021
British Columbia,2024-07-01,7.97354952
Missouri,2025-09-01,7.97539056
Rhode Island,2024-09-01,7.98006823
Rhode Island,2026-02-01,7.98041085
Alberta,2024-10-01,7.98268626
Newfoundland and Labrador,2023-03-01,7.99388286
Ontario,2024-04-01,7.99714300
New Mexico,2022-12-01,8.00608857
Maine,2024-11-01,8.00875069
Massachusetts,2023-08-01,8.01225225
Hawaii,2025-04-01,8.01266667
Rhode Island,2025-05-01,8.01456522
Massachusetts,2023-07-01,8.02194538
Saskatchewan,2024-10-01,8.02793661
Alberta,2023-08-01,8.03033160
Illinois,2026-02-01,8.03152794
Illinois,2026-03-01,8.03248659
Maine,2024-01-01,8.04361285
Ohio,2025-11-01,8.04559423
Ohio,2023-04-01,8.04638400
Montana,2023-11-01,8.05203920
Missouri,2024-11-01,8.05429451
Alberta,2024-05-01,8.05473148
Mississippi,2024-11-01,8.05643951
Hawaii,2025-06-01,8.05726283
Maine,2025-05-01,8.05739003
Missouri,2024-07-01,8.05888253
Ohio,2025-12-01,8.06178062
Ohio,2025-10-01,8.06325224
Pennsylvania,2023-07-01,8.06755461
Maine,2023-10-01,8.06997820
Missouri,2024-08-01,8.07145278
Missouri,2025-04-01,8.07271126
Maine,2025-10-01,8.07487266
Arizona,2023-01-01,8.07659038
Newfoundland and Labrador,2022-12-01,8.07990033
Mississippi,2024-12-01,8.09311106
Montana,2023-10-01,8.09530718
Illinois,2025-11-01,8.09797232
Mississippi,2025-03-01,8.09885195
Maine,2023-04-01,8.09968545
Alberta,2023-06-01,8.10044232
Maine,2025-08-01,8.10311725
Arizona,2023-02-01,8.10391267
New York,2022-11-01,8.10414924
Maryland,2022-09-01,8.10593351
Mississippi,2024-07-01,8.11556960
Missouri,2025-08-01,8.11745665
Michigan,2022-09-01,8.11807029
Alberta,2023-07-01,8.11826727
British Columbia,2024-05-01,8.11938664
Arkansas,2022-10-01,8.12365442
Newfoundland and Labrador,2023-01-01,8.12389222
Pennsylvania,2023-06-01,8.12546647
Mississippi,2025-05-01,8.12897972
Maine,2025-07-01,8.13094077
Illinois,2026-01-01,8.13339106
Maine,2023-11-01,8.14362150
Missouri,2024-09-01,8.14700791
Rhode Island,2024-08-01,8.14919444
New York,2022-12-01,8.15157584
Maine,2024-04-01,8.15214034
Alberta,2023-04-01,8.15304144
Mississippi,2025-04-01,8.15609090
Missouri,2025-01-01,8.15746378
Hawaii,2024-12-01,8.15771681
Maine,2024-10-01,8.15947249
Maine,2023-12-01,8.16329658
Hawaii,2024-10-01,8.16544586
Arkansas,2022-09-01,8.17150742
Alberta,2023-03-01,8.17441994
Ohio,2024-06-01,8.17725407
Manitoba,2024-05-01,8.17952485
New Mexico,2022-10-01,8.18123932
Maine,2025-06-01,8.18385068
Maine,2024-05-01,8.18555928
Missouri,2025-07-01,8.18894494
Maine,2024-06-01,8.19037577
Maine,2023-07-01,8.19166922
Maine,2024-09-01,8.19506180
Nevada,2024-07-01,8.20864235
Maryland,2025-11-01,8.20879331
Mississippi,2024-06-01,8.20953326
Missouri,2025-02-01,8.21085724
Ohio,2026-01-01,8.21275028
Maryland,2025-12-01,8.21370149
Massachusetts,2023-06-01,8.21388704
Newfoundland and Labrador,2022-11-01,8.21469453
Mississippi,2024-10-01,8.21495072
Maine,2022-11-01,8.21682809
Alberta,2023-01-01,8.21718132
Louisiana,2022-12-01,8.21979522
Mississippi,2025-10-01,8.22018446
South Dakota,2024-08-01,8.22126647
Maine,2024-07-01,8.22318382
Ontario,2023-08-01,8.22351990
Maine,2023-08-01,8.22371627
Ontario,2023-06-01,8.22705127
Pennsylvania,2023-04-01,8.22766615
Massachusetts,2023-05-01,8.23348898
Hawaii,2024-09-01,8.23351119
Hawaii,2024-07-01,8.23383959
Alberta,2024-04-01,8.23618727
Maine,2024-03-01,8.23677151
Maine,2023-09-01,8.24022250
Maine,2023-03-01,8.24136775
Ohio,2026-03-01,8.24259048
Maine,2022-09-01,8.24352344
Pennsylvania,2023-05-01,8.24391394
Ohio,2026-02-01,8.24877861
Newfoundland and Labrador,2022-10-01,8.25035938
Nevada,2024-04-01,8.25094204
Nevada,2024-05-01,8.26435731
Ontario,2023-09-01,8.27287157
Ontario,2023-07-01,8.28149679
Newfoundland and Labrador,2023-02-01,8.28970650
South Dakota,2024-09-01,8.29137799
Arizona,2023-03-01,8.29535602
Manitoba,2025-02-01,8.29684572
Alberta,2023-02-01,8.30060356
Nevada,2024-06-01,8.30489030
Maryland,2026-03-01,8.30554192
New Mexico,2023-01-01,8.31252601
Maryland,2026-02-01,8.31289947
Maine,2022-10-01,8.31392670
Ontario,2023-02-01,8.31796166
Mississippi,2026-01-01,8.32231600
Maine,2023-02-01,8.32277097
New Mexico,2022-09-01,8.32280996
Ohio,2025-09-01,8.32572407
Mississippi,2025-09-01,8.32808154
Maine,2022-12-01,8.32990090
Illinois,2025-10-01,8.33087985
Missouri,2025-06-01,8.33189964
Mississippi,2024-04-01,8.33523665
Ontario,2023-05-01,8.33656794
Newfoundland and Labrador,2022-09-01,8.33664567
Missouri,2025-03-01,8.33828036
Illinois,2025-09-01,8.34603442
Ontario,2023-04-01,8.34974404
Mississippi,2025-07-01,8.35889075
British Columbia,2024-04-01,8.36343204
Illinois,2025-04-01,8.36366051
Alberta,2023-05-01,8.36711350
Ontario,2023-03-01,8.36768777
Nevada,2024-03-01,8.36860709
Missouri,2024-04-01,8.37121972
Maine,2024-08-01,8.38049318
Mississippi,2024-05-01,8.38818852
Pennsylvania,2022-12-01,8.41058205
Mississippi,2025-08-01,8.41129918
Alberta,2022-12-01,8.41446390
Rhode Island,2024-07-01,8.41513889
Missouri,2024-05-01,8.42053969
Massachusetts,2023-04-01,8.42537691
Alberta,2022-11-01,8.42725348
Illinois,2025-05-01,8.42754176
Mississippi,2026-02-01,8.43018385
Missouri,2025-05-01,8.43088886
Manitoba,2024-04-01,8.43292123
Rhode Island,2024-05-01,8.43529670
Maryland,2026-01-01,8.43686252
Rhode Island,2024-04-01,8.43983835
Nevada,2023-12-01,8.44095159
Mississippi,2025-12-01,8.44649219
Rhode Island,2024-01-01,8.46346907
Mississippi,2024-02-01,8.47242336
Hawaii,2025-01-01,8.47319113
Mississippi,2024-08-01,8.47994733
Missouri,2024-06-01,8.48062621
Alberta,2024-03-01,8.48722702
Manitoba,2025-01-01,8.49572570
Mississippi,2026-03-01,8.49739769
South Dakota,2024-07-01,8.49844160
Nevada,2023-11-01,8.49974148
Utah,2023-04-01,8.50178117
New Mexico,2023-03-01,8.50257623
Mississippi,2025-11-01,8.50883611
Ontario,2022-12-01,8.51688752
Nevada,2024-01-01,8.52487788
Saskatchewan,2024-01-01,8.52608279
Pennsylvania,2022-10-01,8.52624764
Alberta,2022-09-01,8.52877288
Maryland,2023-06-01,8.53013495
New Mexico,2023-02-01,8.53172122
Illinois,2025-08-01,8.53381566
Ohio,2023-02-01,8.53846346
Rhode Island,2023-12-01,8.54012048
Ontario,2022-11-01,8.54450622
Ontario,2024-03-01,8.54680239
Pennsylvania,2023-03-01,8.54958433
Rhode Island,2024-06-01,8.56324685
Ohio,2025-04-01,8.57192046
Pennsylvania,2022-09-01,8.57312626
Maryland,2025-09-01,8.57355213
Ohio,2025-08-01,8.57477732
Alberta,2022-10-01,8.57762631
Nevada,2024-02-01,8.57775393
Ontario,2023-01-01,8.58400753
Illinois,2025-06-01,8.58649162
Maryland,2025-10-01,8.58677535
Illinois,2025-03-01,8.59341819
Montana,2023-12-01,8.59539016
Rhode Island,2024-03-01,8.59899547
Hawaii,2025-03-01,8.61477049
Hawaii,2023-10-01,8.61872666
Ontario,2024-02-01,8.62064735
Montana,2024-01-01,8.62800713
Rhode Island,2024-02-01,8.63538831
Rhode Island,2023-11-01,8.63923394
Delaware,2025-03-01,8.64324742
Pennsylvania,2022-11-01,8.64664728
Pennsylvania,2023-01-01,8.64922889
Mississippi,2024-01-01,8.65050568
Illinois,2024-12-01,8.65132061
Maryland,2025-08-01,8.65607371
Ontario,2023-12-01,8.66344309
New York,2022-10-01,8.66449725
Maine,2023-01-01,8.67006465
Ontario,2024-01-01,8.67235869
Pennsylvania,2023-02-01,8.67395995
Maryland,2025-07-01,8.68044129
South Dakota,2024-05-01,8.69125599
Mississippi,2022-11-01,8.69209486
Alberta,2023-10-01,8.70585598
Montana,2023-06-01,8.70724281
Manitoba,2023-08-01,8.71146989
Montana,2023-08-01,8.71660542
British Columbia,2023-08-01,8.71708712
Ontario,2023-11-01,8.72126043
British Columbia,2023-09-01,8.72260510
Illinois,2025-07-01,8.72431617
Alberta,2023-11-01,8.73190734
Manitoba,2025-03-01,8.73240111
British Columbia,2023-06-01,8.73642132
Hawaii,2023-11-01,8.73786859
Illinois,2025-02-01,8.74499742
South Dakota,2024-06-01,8.75170749
Ohio,2023-01-01,8.76085099
Manitoba,2023-06-01,8.76435813
British Columbia,2023-05-01,8.76613146
Manitoba,2023-07-01,8.77166109
Ohio,2025-03-01,8.77181601
Ontario,2022-10-01,8.77425621
Texas,2024-10-01,8.78215686
Mississippi,2024-03-01,8.78267361
Hawaii,2023-05-01,8.78586146
Delaware,2024-12-01,8.78916256
Ohio,2025-07-01,8.79742882
Hawaii,2023-06-01,8.80122592
Maryland,2025-06-01,8.80218214
Alberta,2024-02-01,8.82807239
British Columbia,2024-03-01,8.83255969
Manitoba,2024-03-01,8.84461838
Montana,2023-04-01,8.84701288
British Columbia,2023-07-01,8.85076100
Montana,2023-05-01,8.86439206
Ohio,2025-02-01,8.87507597
Ontario,2022-09-01,8.87618273
Delaware,2024-11-01,8.87919431
Manitoba,2023-09-01,8.88026058
Alberta,2023-12-01,8.88196357
Connecticut,2023-07-01,8.89308662
Texas,2024-05-01,8.91158730
Hawaii,2023-01-01,8.91738404
Illinois,2025-01-01,8.92506718
Ohio,2025-05-01,8.92694196
Maryland,2025-04-01,8.93170842
British Columbia,2024-02-01,8.93262827
Massachusetts,2023-03-01,8.93352693
Ohio,2025-06-01,8.93636341
Mississippi,2023-11-01,8.93694528
Mississippi,2022-12-01,8.93750413
Maryland,2025-05-01,8.94969664
Connecticut,2026-03-01,8.97194887
British Columbia,2023-02-01,9.00438520
Rhode Island,2022-10-01,9.00737952
Connecticut,2023-01-01,9.01694343
Montana,2024-09-01,9.01998328
Illinois,2024-11-01,9.02007747
Alberta,2024-01-01,9.02090085
Manitoba,2024-02-01,9.02140604
British Columbia,2024-01-01,9.02665146
British Columbia,2023-04-01,9.02692842
Rhode Island,2023-10-01,9.02696822
Louisiana,2023-04-01,9.02779874
Missouri,2024-03-01,9.02799920
Montana,2023-03-01,9.03247592
British Columbia,2022-12-01,9.03406141
British Columbia,2023-01-01,9.03827827
British Columbia,2023-12-01,9.04075387
Maryland,2024-12-01,9.05003695
Rhode Island,2023-09-01,9.05264292
South Dakota,2024-04-01,9.05889874
Montana,2024-04-01,9.06533017
Missouri,2023-02-01,9.06862763
West Virginia,2025-06-01,9.07048573
British Columbia,2023-11-01,9.07144385
Louisiana,2023-02-01,9.07301435
British Columbia,2022-11-01,9.07416370
Mississippi,2023-12-01,9.07693696
Missouri,2023-03-01,9.08184250
Hawaii,2023-07-01,9.08843352
Manitoba,2024-01-01,9.09444553
Missouri,2024-02-01,9.10459788
Utah,2023-08-01,9.10602961
Rhode Island,2023-08-01,9.10713141
Montana,2023-02-01,9.10950874
Maryland,2025-03-01,9.11346088
Delaware,2024-10-01,9.11765487
Ontario,2023-10-01,9.11987066
British Columbia,2023-10-01,9.14243504
Delaware,2024-08-01,9.14404444
Maryland,2024-11-01,9.15953479
Massachusetts,2023-02-01,9.16836967
Maryland,2024-09-01,9.17029527
Manitoba,2023-11-01,9.17915848
New Brunswick,2023-11-01,9.18212121
Maryland,2024-08-01,9.18482740
British Columbia,2022-10-01,9.18594732
Hawaii,2023-08-01,9.18803540
Hawaii,2024-06-01,9.19498227
Connecticut,2026-02-01,9.19812554
Hawaii,2023-12-01,9.19936073
Rhode Island,2023-07-01,9.19967298
Montana,2022-12-01,9.20169155
Illinois,2024-10-01,9.20424514
Ohio,2025-01-01,9.21032136
Manitoba,2023-12-01,9.21250144
British Columbia,2023-03-01,9.21350556
Manitoba,2023-10-01,9.21683091
New York,2024-02-01,9.21848454
Connecticut,2026-01-01,9.22378469
Maryland,2025-02-01,9.22447743
Connecticut,2023-08-01,9.22923374
Connecticut,2023-10-01,9.22977392
Missouri,2023-12-01,9.23294814
Alberta,2024-09-01,9.23320780
Connecticut,2023-05-01,9.23820986
Connecticut,2025-07-01,9.24822511
Connecticut,2023-06-01,9.24995025
Montana,2024-12-01,9.25880975
Manitoba,2023-04-01,9.26120945
Mississippi,2023-01-01,9.27555686
Connecticut,2025-04-01,9.27708048
Connecticut,2023-09-01,9.28181795
Ohio,2024-07-01,9.28221320
Ohio,2024-12-01,9.30100428
Connecticut,2023-04-01,9.30575157
Connecticut,2025-12-01,9.31515036
Maryland,2024-10-01,9.32343990
Utah,2023-07-01,9.33497835
Maryland,2025-01-01,9.34645682
Montana,2022-11-01,9.35272617
Texas,2023-12-01,9.36844444
Delaware,2024-09-01,9.37909910
Montana,2023-01-01,9.38892259
Hawaii,2023-02-01,9.39104693
Montana,2023-07-01,9.39419766
Illinois,2024-09-01,9.39712831
New Brunswick,2025-09-01,9.40824818
Manitoba,2022-12-01,9.40988121
Mississippi,2023-02-01,9.41100000
Maryland,2024-07-01,9.41254916
Hawaii,2023-09-01,9.41379798
Missouri,2023-11-01,9.42028494
Massachusetts,2022-11-01,9.43150335
Missouri,2024-01-01,9.43360051
Mississippi,2023-10-01,9.43367870
Hawaii,2024-01-01,9.43896603
Hawaii,2024-05-01,9.43961471
New Brunswick,2026-02-01,9.44163793
Manitoba,2023-05-01,9.44238157
Texas,2024-04-01,9.44490909
Montana,2022-10-01,9.45547181
New Brunswick,2026-01-01,9.45631579
Nunavut,2024-05-01,9.45744186
Connecticut,2025-06-01,9.46428731
Hawaii,2023-04-01,9.46776965
Maryland,2024-04-01,9.48008341
Connecticut,2025-08-01,9.48260641
West Virginia,2025-04-01,9.48459373
Connecticut,2025-03-01,9.49305836
Delaware,2025-02-01,9.49665025
Maryland,2024-05-01,9.50184572
North Carolina,2024-04-01,9.50750000
Massachusetts,2023-01-01,9.50929985
Connecticut,2025-11-01,9.51681957
West Virginia,2025-07-01,9.51867626
New Brunswick,2025-11-01,9.55324841
Maryland,2024-06-01,9.55469811
Delaware,2025-07-01,9.55680982
Alberta,2024-12-01,9.55732223
British Columbia,2022-09-01,9.56451936
Saskatchewan,2024-12-01,9.57455927
Rhode Island,2023-06-01,9.58897220
Connecticut,2025-10-01,9.59443887
Illinois,2024-08-01,9.61128271
Hawaii,2024-03-01,9.61221519
Connecticut,2025-09-01,9.61630651
Manitoba,2023-01-01,9.62145473
Manitoba,2022-09-01,9.62627365
Maryland,2024-03-01,9.62652084
Manitoba,2023-03-01,9.62716372
Texas,2024-03-01,9.63508475
Manitoba,2022-10-01,9.63830808
Connecticut,2025-02-01,9.65119211
Hawaii,2023-03-01,9.65456110
Connecticut,2025-05-01,9.67446476
Delaware,2024-03-01,9.68037500
New Brunswick,2024-12-01,9.68097087
Connecticut,2023-11-01,9.69034053
New Brunswick,2024-01-01,9.70000000
Missouri,2023-04-01,9.70847003
New Brunswick,2025-12-01,9.70966216
Connecticut,2023-02-01,9.71157249
Manitoba,2022-11-01,9.71234236
Ohio,2024-11-01,9.72741515
Manitoba,2023-02-01,9.73782728
Maryland,2024-02-01,9.73966409
New York,2024-03-01,9.74182780
New Brunswick,2024-06-01,9.74223881
Montana,2022-09-01,9.74943949
Massachusetts,2022-12-01,9.76810923
Illinois,2024-07-01,9.77640942
Connecticut,2025-01-01,9.77957299
Maryland,2023-12-01,9.78421712
Utah,2023-05-01,9.78852785
Nevada,2023-10-01,9.79777845
Delaware,2023-12-01,9.81458015
Maryland,2024-01-01,9.81824472
Connecticut,2023-03-01,9.82091860
Illinois,2023-12-01,9.82091920
Mississippi,2023-09-01,9.82167796
Vermont,2022-11-01,9.82193248
Illinois,2023-11-01,9.82277637
Rhode Island,2022-11-01,9.82455577
New Brunswick,2024-07-01,9.82797872
New Brunswick,2023-06-01,9.83458333
Montana,2024-02-01,9.85241469
Montana,2024-10-01,9.85951004
New Brunswick,2024-10-01,9.86316327
Illinois,2024-06-01,9.87007194
Massachusetts,2022-10-01,9.87192301
District of Columbia,2024-02-01,9.88152526
Utah,2022-11-01,9.88534687
Connecticut,2024-12-01,9.88838845
West Virginia,2025-11-01,9.88859589
Mississippi,2023-07-01,9.89642814
Nevada,2023-09-01,9.89791138
New Brunswick,2025-10-01,9.89825175
New Brunswick,2023-12-01,9.91939394
Illinois,2024-05-01,9.94248901
New York,2024-04-01,9.94417430
Louisiana,2023-10-01,9.94694042
New Brunswick,2024-09-01,9.95420561
Utah,2022-10-01,9.96223154
Rhode Island,2022-09-01,9.96261468
Nunavut,2024-06-01,9.96346939
Rhode Island,2023-05-01,9.96442755
Missouri,2023-05-01,9.96707874
Utah,2023-06-01,9.97478892
New York,2026-02-01,9.97584327
Delaware,2025-01-01,9.98204444
Louisiana,2023-06-01,9.98331373
Illinois,2024-04-01,9.98855242
Mississippi,2023-08-01,9.99385439
Hawaii,2024-02-01,10.00275424
Utah,2023-01-01,10.00523901
Utah,2022-09-01,10.01410256
Louisiana,2023-01-01,10.01824513
Illinois,2024-03-01,10.01927934
Ohio,2023-03-01,10.02349719
Delaware,2023-11-01,10.03026923
New Brunswick,2025-01-01,10.03884211
Missouri,2023-10-01,10.03939984
New York,2026-03-01,10.04012068
Rhode Island,2023-02-01,10.04113910
Montana,2024-07-01,10.05444511
Vermont,2026-03-01,10.05599147
New Brunswick,2025-08-01,10.06348837
Illinois,2023-10-01,10.06845234
Yukon,2023-09-01,10.07271605
Maryland,2023-11-01,10.08467657
Nevada,2022-12-01,10.09047243
Utah,2023-09-01,10.09372521
Hawaii,2024-04-01,10.09944816
New Jersey,2026-01-01,10.10195712
New Brunswick,2025-07-01,10.10228814
Nevada,2023-08-01,10.10438939
New Brunswick,2024-11-01,10.10730000
New Brunswick,2024-08-01,10.11194175
New Jersey,2026-02-01,10.12038268
Connecticut,2024-11-01,10.12174432
Nunavut,2024-02-01,10.12322581
New Brunswick,2025-05-01,10.12336842
Saskatchewan,2025-02-01,10.12845450
Mississippi,2023-06-01,10.13404486
Rhode Island,2023-04-01,10.13728146
South Dakota,2024-03-01,10.14298339
New Jersey,2026-03-01,10.14739708
New Jersey,2025-11-01,10.15856709
New Brunswick,2024-05-01,10.16588235
New Jersey,2025-12-01,10.17135011
Maryland,2023-10-01,10.17203982
Mississippi,2023-03-01,10.17363302
Nevada,2023-04-01,10.18548250
New Brunswick,2025-03-01,10.18654545
Nevada,2023-06-01,10.19241523
Montana,2024-03-01,10.19449031
Ohio,2024-10-01,10.19455290
Mississippi,2023-04-01,10.19658853
Massachusetts,2022-09-01,10.19833830
Nevada,2023-07-01,10.20284139
Delaware,2024-05-01,10.20375479
Illinois,2024-02-01,10.20563787
Connecticut,2023-12-01,10.20712900
Utah,2023-02-01,10.21378981
Connecticut,2024-09-01,10.21430000
Utah,2023-03-01,10.21606581
Nunavut,2024-07-01,10.21634146
Nevada,2023-05-01,10.21951866
Nunavut,2025-01-01,10.23166667
New Brunswick,2024-02-01,10.23172414
Illinois,2024-01-01,10.23338637
New York,2025-12-01,10.23364364
New York,2026-01-01,10.23423479
Missouri,2023-06-01,10.23476178
New York,2025-11-01,10.24075010
Nunavut,2025-12-01,10.24322581
New York,2025-10-01,10.25631025
Nunavut,2025-11-01,10.26611111
Connecticut,2024-10-01,10.27596367
South Dakota,2024-02-01,10.27846265
West Virginia,2025-08-01,10.28502994
New Brunswick,2024-04-01,10.28937500
West Virginia,2025-10-01,10.29059506
Nunavut,2024-08-01,10.29155556
Mississippi,2023-05-01,10.31091777
Texas,2025-09-01,10.31103448
West Virginia,2025-09-01,10.31526655
Vermont,2025-07-01,10.31714002
Rhode Island,2023-01-01,10.32061674
New Brunswick,2026-03-01,10.32305556
Utah,2022-12-01,10.32368613
Nevada,2023-02-01,10.33775968
Illinois,2023-09-01,10.33807360
Nevada,2022-11-01,10.33910799
Ohio,2022-12-01,10.34018202
Nevada,2023-01-01,10.34086666
New Brunswick,2023-10-01,10.34233333
Vermont,2023-11-01,10.35172246
Delaware,2024-01-01,10.35414063
South Dakota,2024-01-01,10.36599777
Delaware,2024-02-01,10.36625532
Nevada,2023-03-01,10.38002548
New Brunswick,2024-03-01,10.38241935
Vermont,2026-01-01,10.39624741
Saskatchewan,2025-03-01,10.40563366
New Brunswick,2025-02-01,10.40720000
Illinois,2023-08-01,10.42753254
District of Columbia,2024-06-01,10.43160777
Maryland,2023-09-01,10.43713900
Louisiana,2023-05-01,10.44726733
Delaware,2025-06-01,10.45228261
Delaware,2024-06-01,10.46288321
Vermont,2026-02-01,10.50167550
New York,2025-09-01,10.50859356
Vermont,2025-04-01,10.51344645
Ohio,2022-11-01,10.51470044
Vermont,2023-01-01,10.51641522
New Jersey,2025-10-01,10.53055077
New York,2024-05-01,10.53556774
West Virginia,2025-05-01,10.53900866
New Jersey,2025-09-01,10.54244099
Missouri,2023-09-01,10.54352853
Rhode Island,2023-03-01,10.55712438
New Brunswick,2023-08-01,10.57709677
New York,2025-04-01,10.58481278
New Brunswick,2025-06-01,10.59170455
Connecticut,2024-08-01,10.60126598
Delaware,2024-04-01,10.60335821
West Virginia,2026-03-01,10.60470725
Alberta,2025-01-01,10.60954505
New Jersey,2025-07-01,10.61909605
Illinois,2023-04-01,10.62081411
Maryland,2023-07-01,10.62266018
Missouri,2023-07-01,10.62589415
Vermont,2024-05-01,10.62685553
Missouri,2023-08-01,10.63163247
Illinois,2023-05-01,10.63384604
Nevada,2022-09-01,10.63478544
Hawaii,2022-12-01,10.63600337
Louisiana,2023-09-01,10.64048598
Nunavut,2024-11-01,10.64531915
Vermont,2025-08-01,10.65247907
Illinois,2023-07-01,10.65773639
New York,2025-05-01,10.65796166
New York,2025-08-01,10.66453391
Yukon,2023-08-01,10.66848837
District of Columbia,2023-12-01,10.67093680
Delaware,2025-05-01,10.67787356
New Brunswick,2025-04-01,10.67919540
Rhode Island,2022-12-01,10.68197628
New Brunswick,2023-09-01,10.68392857
Delaware,2025-04-01,10.68586592
Connecticut,2024-01-01,10.68823978
Vermont,2025-05-01,10.68839475
Nevada,2022-10-01,10.69334568
New Jersey,2025-08-01,10.69422376
Illinois,2023-06-01,10.70946947
Vermont,2025-06-01,10.72623792
Utah,2023-10-01,10.72853541
Nunavut,2025-04-01,10.74200000
Nunavut,2024-12-01,10.74703704
New York,2025-03-01,10.76588274
Alberta,2025-02-01,10.77391611
Vermont,2025-02-01,10.77713639
New York,2025-06-01,10.77923041
Maryland,2023-08-01,10.77959027
Vermont,2025-12-01,10.78818717
West Virginia,2025-03-01,10.79194599
Vermont,2024-04-01,10.79650884
New York,2025-07-01,10.79890927
Connecticut,2024-07-01,10.79933375
Vermont,2023-12-01,10.80883537
Texas,2024-01-01,10.82243902
New Jersey,2025-06-01,10.82802681
Ohio,2022-10-01,10.83145361
Hawaii,2022-11-01,10.83342541
District of Columbia,2024-05-01,10.85057452
Nunavut,2024-04-01,10.85136364
Texas,2023-11-01,10.85487179
Yukon,2023-07-01,10.85744186
Ohio,2022-09-01,10.85812411
Mississippi,2022-09-01,10.85887324
New Brunswick,2023-07-01,10.86500000
Vermont,2025-09-01,10.87065029
North Dakota,2024-01-01,10.87853767
New Jersey,2025-04-01,10.88216356
South Dakota,2023-11-01,10.88768863
Vermont,2024-06-01,10.89032597
Connecticut,2024-06-01,10.89150172
Louisiana,2023-11-01,10.89316832
Vermont,2024-02-01,10.90375590
Ohio,2024-09-01,10.90414662
Vermont,2025-11-01,10.90594031
Vermont,2025-03-01,10.92204202
Vermont,2025-10-01,10.93796543
New York,2025-02-01,10.93948624
District of Columbia,2024-01-01,10.94673877
New Jersey,2025-05-01,10.95869998
District of Columbia,2024-04-01,10.96608621
West Virginia,2025-02-01,10.97017079
Nunavut,2025-08-01,10.97666667
Louisiana,2023-12-01,10.98584046
Connecticut,2024-04-01,10.99055697
Nunavut,2024-09-01,10.99363636
Mississippi,2022-10-01,11.00361905
Alberta,2025-03-01,11.00557114
District of Columbia,2024-03-01,11.00842952
North Dakota,2023-12-01,11.00872375
Louisiana,2023-03-01,11.01757085
Delaware,2023-09-01,11.02738602
Nunavut,2023-04-01,11.03062500
North Dakota,2024-03-01,11.04192308
Connecticut,2024-05-01,11.04975415
District of Columbia,2023-11-01,11.05806352
Nunavut,2025-02-01,11.05921053
Montana,2024-08-01,11.05962327
Vermont,2025-01-01,11.07461152
Texas,2024-02-01,11.07500000
Texas,2023-10-01,11.07529412
Vermont,2022-09-01,11.07658416
Nunavut,2026-03-01,11.09000000
Nunavut,2025-05-01,11.09317073
New York,2025-01-01,11.10518630
West Virginia,2025-12-01,11.12786011
Vermont,2022-12-01,11.13158918
Nunavut,2024-10-01,11.13317073
Delaware,2025-12-01,11.13403893
Illinois,2023-03-01,11.14385739
Delaware,2025-11-01,11.14689826
Vermont,2024-03-01,11.15060191
Illinois,2022-12-01,11.16460934
Illinois,2023-02-01,11.16783630
Delaware,2024-07-01,11.16827451
North Dakota,2023-11-01,11.19170543
Virginia,2022-09-01,11.19892857
Vermont,2024-01-01,11.21134134
South Dakota,2023-12-01,11.23551409
North Dakota,2023-09-01,11.23584203
New York,2024-12-01,11.23584850
Vermont,2024-12-01,11.24098071
Virginia,2025-12-01,11.24175485
North Dakota,2024-04-01,11.26823444
Louisiana,2023-07-01,11.27067925
Nunavut,2025-06-01,11.27571429
North Dakota,2023-10-01,11.29012066
Ohio,2024-08-01,11.29228747
Louisiana,2024-04-01,11.29542645
South Dakota,2023-10-01,11.31301547
Nunavut,2025-10-01,11.31852941
New Jersey,2025-03-01,11.31993388
North Carolina,2024-10-01,11.33160000
North Dakota,2024-02-01,11.33244039
Vermont,2024-07-01,11.33422650
Delaware,2023-08-01,11.36877976
District of Columbia,2025-01-01,11.37702622
New York,2024-11-01,11.38009469
Nunavut,2025-07-01,11.38384615
Nunavut,2026-01-01,11.38681818
Louisiana,2024-03-01,11.38807229
North Dakota,2024-09-01,11.39050992
Louisiana,2023-08-01,11.39077079
Nunavut,2025-03-01,11.40142857
Nunavut,2023-07-01,11.40296296
South Dakota,2023-09-01,11.40490902
Nunavut,2023-06-01,11.40542857
Louisiana,2024-05-01,11.40885998
New York,2024-10-01,11.41745318
North Dakota,2024-05-01,11.42377713
Delaware,2023-10-01,11.42419872
District of Columbia,2025-02-01,11.42823572
Vermont,2023-02-01,11.43384935
New York,2024-09-01,11.44729940
Delaware,2023-03-01,11.46099644
Louisiana,2024-02-01,11.46206250
North Dakota,2023-08-01,11.47120787
District of Columbia,2024-07-01,11.47186242
Virginia,2024-12-01,11.49293249
Minnesota,2025-04-01,11.49597668
Delaware,2023-04-01,11.50635452
North Dakota,2023-07-01,11.50687316
West Virginia,2026-02-01,11.52570855
Nunavut,2026-02-01,11.52590909
Texas,2022-11-01,11.53700000
Illinois,2023-01-01,11.53731791
Nunavut,2024-03-01,11.53739130
Virginia,2024-10-01,11.53847072
Texas,2023-01-01,11.54000000
Texas,2023-04-01,11.54000000
Texas,2023-09-01,11.54100000
Texas,2023-07-01,11.54100000
Texas,2022-09-01,11.54200000
Texas,2023-02-01,11.54200000
Texas,2022-12-01,11.54200000
Texas,2023-08-01,11.54300000
Texas,2023-06-01,11.54300000
Texas,2022-10-01,11.54300000
Virginia,2022-11-01,11.54377820
Texas,2023-03-01,11.54400000
Texas,2023-05-01,11.54400000
Utah,2026-03-01,11.54433004
Nunavut,2025-09-01,11.55600000
Delaware,2023-02-01,11.56982517
Virginia,2024-07-01,11.58200772
West Virginia,2026-01-01,11.58411839
Virginia,2025-09-01,11.61543160
Louisiana,2024-06-01,11.61564825
North Dakota,2024-06-01,11.62084770
New Jersey,2025-02-01,11.62399081
District of Columbia,2023-10-01,11.63313253
Delaware,2023-01-01,11.63766667
North Dakota,2024-08-01,11.64122611
Connecticut,2024-03-01,11.64241927
Vermont,2023-05-01,11.64644222
Virginia,2024-11-01,11.64795958
Yukon,2023-06-01,11.66087379
Virginia,2025-11-01,11.66130707
Nunavut,2022-11-01,11.66204545
Nunavut,2023-09-01,11.66516129
North Dakota,2024-07-01,11.66569909
Virginia,2024-05-01,11.66686477
Nunavut,2023-05-01,11.66769231
Montana,2024-06-01,11.67039785
Minnesota,2025-03-01,11.67276144
Virginia,2024-08-01,11.67696913
Connecticut,2024-02-01,11.67853523
Minnesota,2025-02-01,11.68284965
District of Columbia,2026-03-01,11.68732180
Virginia,2024-09-01,11.69465070
South Dakota,2023-08-01,11.71487201
Virginia,2022-10-01,11.71783654
Louisiana,2026-03-01,11.72281489
Virginia,2024-06-01,11.72910062
Delaware,2025-09-01,11.73266187
Minnesota,2024-12-01,11.73710383
North Dakota,2024-12-01,11.75079193
Nunavut,2022-09-01,11.75387097
Minnesota,2025-08-01,11.75775293
Virginia,2025-08-01,11.77358333
Delaware,2025-08-01,11.77552448
Hawaii,2022-09-01,11.79317778
North Carolina,2024-05-01,11.79375000
Nunavut,2023-08-01,11.79432432
Utah,2025-11-01,11.80533388
Utah,2025-08-01,11.80638247
North Dakota,2023-06-01,11.80647744
District of Columbia,2024-11-01,11.81222986
Illinois,2022-11-01,11.81848974
District of Columbia,2025-03-01,11.82134187
Delaware,2023-07-01,11.82782353
District of Columbia,2023-09-01,11.83572086
Vermont,2024-11-01,11.84209256
Virginia,2026-01-01,11.84288297
Utah,2025-12-01,11.86215036
Utah,2026-01-01,11.86402579
Vermont,2023-04-01,11.86558781
Minnesota,2025-01-01,11.87636525
Nunavut,2022-12-01,11.87795918
Louisiana,2024-01-01,11.88906574
West Virginia,2024-02-01,11.89147213
Louisiana,2025-08-01,11.89344896
Virginia,2026-02-01,11.89578244
Utah,2026-02-01,11.89951555
Virginia,2025-02-01,11.90806695
Virginia,2025-10-01,11.90956035
New Jersey,2025-01-01,11.91011916
District of Columbia,2024-12-01,11.92108262
Vermont,2023-06-01,11.92482420
Delaware,2026-01-01,11.92493036
South Dakota,2023-02-01,11.93327112
Yukon,2022-12-01,11.93361702
Louisiana,2024-10-01,11.93714859
District of Columbia,2026-02-01,11.93936250
Delaware,2023-06-01,11.94150943
Vermont,2023-09-01,11.94163982
Virginia,2025-03-01,11.94770321
Virginia,2023-12-01,11.94875150
South Dakota,2023-07-01,11.94934121
Yukon,2023-01-01,11.94941860
Utah,2025-07-01,11.95685518
District of Columbia,2025-12-01,11.96170908
District of Columbia,2026-01-01,11.97568699
Nunavut,2023-10-01,11.97682927
Louisiana,2026-02-01,11.97707039
Yukon,2023-04-01,11.97935897
Virginia,2024-02-01,11.97944873
Delaware,2022-09-01,11.98163569
North Dakota,2022-10-01,11.98290837
Virginia,2023-11-01,11.98570749
Virginia,2025-01-01,11.98637913
Hawaii,2022-10-01,11.98660455
North Dakota,2022-12-01,11.98917910
Delaware,2022-11-01,11.99335484
South Dakota,2023-06-01,11.99719807
Nunavut,2023-02-01,12.00418182
Minnesota,2025-07-01,12.00810956
North Dakota,2024-11-01,12.00861765
South Dakota,2023-01-01,12.01151242
District of Columbia,2023-08-01,12.01479441
New Jersey,2024-12-01,12.02835836
Minnesota,2025-06-01,12.03095346
Delaware,2022-12-01,12.03211921
Nunavut,2024-01-01,12.03212121
Nunavut,2023-01-01,12.03301887
West Virginia,2025-01-01,12.03328461
North Dakota,2025-06-01,12.03840782
Vermont,2023-03-01,12.03920181
Louisiana,2022-09-01,12.04598726
Vermont,2023-10-01,12.05719659
Louisiana,2022-11-01,12.05884956
Louisiana,2025-11-01,12.06656600
Utah,2025-10-01,12.06945528
Delaware,2026-03-01,12.07977035
New Jersey,2024-04-01,12.08363427
Minnesota,2023-12-01,12.08578125
Nunavut,2023-12-01,12.08578947
Minnesota,2024-11-01,12.09077710
New Jersey,2024-03-01,12.09138065
Delaware,2025-10-01,12.09201456
North Dakota,2025-01-01,12.09323708
Alaska,2025-02-01,12.11023282
Utah,2025-09-01,12.11202899
Utah,2024-06-01,12.11467280
Vermont,2023-08-01,12.12078438
Virginia,2024-04-01,12.12307058
Virginia,2024-01-01,12.12367217
District of Columbia,2025-11-01,12.13638504
Utah,2024-12-01,12.13874773
North Carolina,2024-06-01,12.14285714
Utah,2025-06-01,12.14338751
Louisiana,2025-10-01,12.14945343
North Dakota,2023-04-01,12.15333333
Vermont,2024-08-01,12.15473156
Minnesota,2025-09-01,12.15496718
Utah,2025-04-01,12.16044106
Utah,2024-07-01,12.16262295
District of Columbia,2023-01-01,12.16842105
Virginia,2026-03-01,12.16869670
Utah,2024-01-01,12.16962446
District of Columbia,2023-04-01,12.17289913
Louisiana,2025-09-01,12.17915078
Virginia,2023-01-01,12.17945260
Utah,2024-08-01,12.18160110
Alaska,2026-02-01,12.18261083
Louisiana,2026-01-01,12.18820169
Louisiana,2022-10-01,12.19005181
West Virginia,2023-09-01,12.19230993
District of Columbia,2023-06-01,12.19857143
Nunavut,2023-11-01,12.20425000
Vermont,2023-07-01,12.21615171
District of Columbia,2024-08-01,12.22002715
Alaska,2026-03-01,12.22111198
Illinois,2022-10-01,12.22400856
West Virginia,2023-07-01,12.22813670
District of Columbia,2022-11-01,12.22948204
District of Columbia,2023-07-01,12.23136997
North Dakota,2022-11-01,12.24193473
Virginia,2025-04-01,12.24974295
North Dakota,2025-05-01,12.25187416
Minnesota,2024-02-01,12.25788360
Alaska,2025-01-01,12.26301437
Yukon,2023-02-01,12.27885057
Delaware,2026-02-01,12.27935698
New Jersey,2024-11-01,12.28163859
South Dakota,2023-05-01,12.28182500
Alaska,2025-12-01,12.28189817
Illinois,2022-09-01,12.28421995
District of Columbia,2023-02-01,12.28672834
North Dakota,2025-07-01,12.29012587
New Jersey,2024-05-01,12.29186660
Virginia,2025-07-01,12.29815371
Utah,2025-03-01,12.30019857
Virginia,2025-06-01,12.30969364
Nunavut,2023-03-01,12.31094340
District of Columbia,2022-12-01,12.31379424
West Virginia,2023-10-01,12.31417987
Alaska,2026-01-01,12.31507782
Texas,2026-02-01,12.32416667
Texas,2026-03-01,12.34250000
Alaska,2025-10-01,12.34888501
District of Columbia,2023-05-01,12.34973822
Texas,2025-10-01,12.35416667
District of Columbia,2023-03-01,12.35927136
North Dakota,2025-03-01,12.35939024
West Virginia,2023-11-01,12.36147936
West Virginia,2023-08-01,12.36346502
District of Columbia,2025-04-01,12.36590083
Minnesota,2025-05-01,12.36957340
District of Columbia,2024-10-01,12.37353734
New Jersey,2024-02-01,12.37922320
West Virginia,2023-12-01,12.37926230
Louisiana,2024-08-01,12.38290541
Minnesota,2026-02-01,12.38638153
Minnesota,2023-11-01,12.38685268
Utah,2025-05-01,12.38738556
Utah,2023-11-01,12.39236205
West Virginia,2024-04-01,12.39265651
Alaska,2025-08-01,12.39681650
Virginia,2024-03-01,12.39918017
New Jersey,2023-11-01,12.40459504
Utah,2025-01-01,12.40850893
Louisiana,2025-07-01,12.40980984
North Dakota,2025-02-01,12.41041488
Alaska,2024-12-01,12.41524056
Alaska,2025-05-01,12.41646818
Vermont,2024-10-01,12.43134165
Alaska,2025-09-01,12.43559591
North Dakota,2025-04-01,12.44732190
South Dakota,2023-03-01,12.44838415
New Jersey,2024-10-01,12.45286093
West Virginia,2024-05-01,12.47001992
Alaska,2025-11-01,12.47495560
New Jersey,2023-08-01,12.47543743
North Dakota,2023-01-01,12.48608018
Alaska,2025-03-01,12.48624843
Delaware,2023-05-01,12.48932551
New Jersey,2024-06-01,12.49202322
Minnesota,2024-08-01,12.50027601
North Dakota,2024-10-01,12.50145361
Utah,2025-02-01,12.50267218
Minnesota,2025-10-01,12.51228016
Alaska,2025-04-01,12.51959712
South Dakota,2023-04-01,12.52621359
West Virginia,2024-12-01,12.52915990
West Virginia,2024-03-01,12.53263493
Louisiana,2025-12-01,12.53398873
Virginia,2022-12-01,12.53452800
North Dakota,2022-09-01,12.53532290
Louisiana,2024-09-01,12.53551095
West Virginia,2023-05-01,12.54033749
District of Columbia,2025-10-01,12.54419915
West Virginia,2023-06-01,12.54516995
North Dakota,2026-01-01,12.54571109
Nunavut,2022-10-01,12.55970588
District of Columbia,2024-09-01,12.56055556
New Jersey,2023-12-01,12.56413264
West Virginia,2024-07-01,12.58997960
Utah,2024-09-01,12.59654275
Louisiana,2024-07-01,12.59796334
Virginia,2023-10-01,12.60505695
Yukon,2022-10-01,12.61329787
Minnesota,2024-01-01,12.62435294
Virginia,2025-05-01,12.62828906
Utah,2024-05-01,12.63574194
New Jersey,2024-01-01,12.65699060
Alaska,2024-11-01,12.66284871
Alaska,2024-10-01,12.66470574
Yukon,2022-11-01,12.68188889
Utah,2024-11-01,12.69048583
Utah,2024-10-01,12.69490368
North Dakota,2025-08-01,12.70079692
West Virginia,2024-01-01,12.70698413
North Dakota,2023-05-01,12.70993443
Alaska,2025-07-01,12.71310554
Virginia,2023-06-01,12.72650794
Utah,2024-04-01,12.73440618
Yukon,2023-05-01,12.74021505
West Virginia,2023-04-01,12.76005764
Vermont,2024-09-01,12.76179329
Minnesota,2025-12-01,12.78160813
New Jersey,2023-10-01,12.78276314
District of Columbia,2025-09-01,12.79609119
Minnesota,2026-01-01,12.81322275
Minnesota,2025-11-01,12.81562561
Alaska,2025-06-01,12.81586118
New Jersey,2023-07-01,12.82137010
Minnesota,2024-10-01,12.83018256
Montana,2024-11-01,12.83447977
Virginia,2023-07-01,12.84051313
West Virginia,2024-06-01,12.84075822
North Dakota,2025-09-01,12.84156579
New Jersey,2022-12-01,12.85800253
West Virginia,2023-03-01,12.86069018
New Jersey,2023-09-01,12.86821396
Yukon,2022-09-01,12.86938462
New Jersey,2022-09-01,12.88403140
New Jersey,2024-09-01,12.88438848
North Carolina,2025-06-01,12.89916667
North Dakota,2023-03-01,12.90056723
North Carolina,2024-11-01,12.90782609
North Dakota,2025-12-01,12.92285933
West Virginia,2024-11-01,12.93098034
North Dakota,2023-02-01,12.93381898
Alaska,2024-09-01,12.93703800
New Jersey,2024-07-01,12.93732937
District of Columbia,2022-09-01,12.93928803
Minnesota,2023-09-01,12.93958564
Virginia,2023-05-01,12.95193046
New Jersey,2023-02-01,12.95551288
North Carolina,2025-09-01,12.95687500
Virginia,2023-09-01,12.96998786
Delaware,2022-10-01,12.98221453
Utah,2024-03-01,13.02831746
Utah,2024-02-01,13.04272824
Virginia,2023-02-01,13.04591398
West Virginia,2023-02-01,13.04657895
West Virginia,2024-08-01,13.06643760
New Jersey,2023-04-01,13.08882628
North Dakota,2025-10-01,13.09397524
New Jersey,2023-06-01,13.09485531
Virginia,2023-03-01,13.10886220
West Virginia,2024-10-01,13.11346209
Minnesota,2024-09-01,13.12309426
Virginia,2023-04-01,13.12449507
Minnesota,2024-06-01,13.14601905
Minnesota,2026-03-01,13.16549708
Minnesota,2024-07-01,13.17085106
New Jersey,2023-05-01,13.17546368
Virginia,2023-08-01,13.18258602
Montana,2024-05-01,13.18415170
Minnesota,2024-05-01,13.23138728
New Jersey,2023-03-01,13.25978988
North Carolina,2025-05-01,13.27000000
New Jersey,2023-01-01,13.27763190
Louisiana,2024-11-01,13.28322581
New Jersey,2024-08-01,13.28554336
Minnesota,2024-03-01,13.31024390
West Virginia,2024-09-01,13.31507395
Alaska,2023-12-01,13.31593959
North Dakota,2025-11-01,13.31791022
West Virginia,2023-01-01,13.33022248
District of Columbia,2025-07-01,13.37028694
North Carolina,2025-11-01,13.42540541
District of Columbia,2025-06-01,13.43736343
District of Columbia,2025-05-01,13.44273342
Yukon,2023-03-01,13.45886364
West Virginia,2022-11-01,13.51419289
South Dakota,2022-09-01,13.53328125
Alaska,2023-10-01,13.53766687
South Dakota,2022-12-01,13.54408736
Minnesota,2023-08-01,13.57110553
Alaska,2022-11-01,13.57222728
Alaska,2024-01-01,13.58233457
North Carolina,2024-12-01,13.60214286
Alaska,2024-03-01,13.61447793
Alaska,2024-04-01,13.63019962
Alaska,2024-06-01,13.63538931
Alaska,2022-10-01,13.64211736
Alaska,2023-11-01,13.64352522
Alaska,2024-02-01,13.68290794
Alaska,2024-07-01,13.69663338
West Virginia,2022-12-01,13.70420538
Alaska,2022-09-01,13.70680390
District of Columbia,2022-10-01,13.73400823
Alaska,2023-04-01,13.74020921
Utah,2023-12-01,13.74204900
Alaska,2022-12-01,13.75637684
District of Columbia,2025-08-01,13.76898612
Alaska,2023-09-01,13.78813598
Alaska,2024-05-01,13.80232628
North Carolina,2025-04-01,13.86029412
Alaska,2023-02-01,13.91052960
North Carolina,2025-10-01,13.91351351
Saskatchewan,2025-01-01,13.91668418
Alaska,2024-08-01,13.92855684
Alaska,2023-01-01,13.93923210
Minnesota,2024-04-01,13.94839921
North Carolina,2025-08-01,13.96225806
New Jersey,2022-11-01,13.96265581
Alaska,2023-07-01,13.97921279
Alaska,2023-03-01,13.98006833
Alaska,2023-08-01,14.03990001
North Dakota,2026-02-01,14.07349043
Alaska,2023-06-01,14.12976308
North Carolina,2026-03-01,14.14200000
Minnesota,2023-10-01,14.18254642
Alaska,2023-05-01,14.20213792
Minnesota,2023-07-01,14.24304348
New Jersey,2022-10-01,14.25231783
South Dakota,2022-10-01,14.25592982
North Dakota,2026-03-01,14.25772229
North Carolina,2025-01-01,14.32722222
South Dakota,2022-11-01,14.47937984
North Carolina,2026-01-01,14.48600000
North Carolina,2024-08-01,14.67066667
North Carolina,2025-12-01,14.70227273
Kentucky,2026-01-01,14.73869565
North Carolina,2025-03-01,14.78218750
Kentucky,2026-02-01,14.84160377
New York,2024-06-01,14.87950607
New York,2024-07-01,15.01781810
North Carolina,2025-02-01,15.08923077
North Carolina,2025-07-01,15.15580645
Minnesota,2022-12-01,15.16640000
North Carolina,2024-07-01,15.30517241
Minnesota,2022-11-01,15.35142857
New York,2024-08-01,15.40842627
Minnesota,2023-02-01,15.78837953
North Carolina,2026-02-01,15.80476190
Minnesota,2023-03-01,15.81830769
Minnesota,2023-06-01,15.88335632
Kentucky,2025-12-01,16.07750000
Minnesota,2023-01-01,16.35635556
Minnesota,2022-10-01,16.39918782
Minnesota,2023-04-01,16.48972973
Minnesota,2022-09-01,16.57240602
Minnesota,2023-05-01,17.13155602
Kentucky,2026-03-01,17.15827273
North Carolina,2024-09-01,18.05659091
